data-hora,id,conteudo,candidato,tweet_limpo
2022-07-30 23:36:52+00:00,1553525061872746496,@UOLNoticias @LulaOficial Todos tÃ©cnico em roubalheira do PT!,bolsonaro,  todos tÃ©cnico em roubalheira do pt!
2022-07-30 23:36:50+00:00,1553525054947876866,"@LulaOficial Pena que depois meteu a mÃ£o no bolso e no dinheiro do povoâ€¦

â€¦estava indo tÃ£o bem.",bolsonaro, pena que depois meteu a mÃ£o no bolso e no dinheiro do povoâ€¦â€¦estava indo tÃ£o bem.
2022-07-30 23:36:50+00:00,1553525054088019968,"@LulaOficial E vocÃª Lula,  precisa de cadeia !!!",bolsonaro," e vocÃª lula,  precisa de cadeia !!!"
2022-07-30 23:36:50+00:00,1553525051676295168,"@rosangelamorosp Contra o Lula, contra o PT, contra o Lula kkkk Mas nÃ£o citou o Bolsonero.",bolsonaro," contra o lula, contra o pt, contra o lula kkkk mas nÃ£o citou o bolsonero."
2022-07-30 23:36:49+00:00,1553525047825993728,@ThiagoResiste @LulaOficial @ricardostuckert Ã‰ LULA PRESIDENTE,bolsonaro,   Ã© lula presidente
2022-07-30 23:36:45+00:00,1553525031229063168,"@LulaOficial @dilmabr Conta outra piada, conta a do Palocci ou a da PetrobrÃ¡s. VocÃª alÃ©m de mentiroso Ã© imoral.",bolsonaro,"  conta outra piada, conta a do palocci ou a da petrobrÃ¡s. vocÃª alÃ©m de mentiroso Ã© imoral."
2022-07-30 23:36:45+00:00,1553525030897737728,@ptbrasil @LulaOficial Doutor em quÃª? VocÃª estÃ¡ fora da realidade do mundo.,bolsonaro,  doutor em quÃª? vocÃª estÃ¡ fora da realidade do mundo.
2022-07-30 23:36:44+00:00,1553525028209172480,@jairbolsonaro Lula Presidente ! #lulaeleitonoprimeiroturno,bolsonaro, lula presidente ! 
2022-07-30 23:36:41+00:00,1553525017727696896,@LulaOficial https://t.co/vZRzZwTrxo,bolsonaro, 
2022-07-30 23:36:41+00:00,1553525015609475072,Nossa estrela vai brilhar no primeiro turno!â­ï¸â­ï¸â­ï¸ @LulaOficial rumo Ã  vitÃ³ria em outubro! 1ï¸âƒ£3ï¸âƒ£â­ï¸â¤ï¸ğŸš©#lulaeleitonoprimeiroturno https://t.co/v7FOvp8b0d,bolsonaro,nossa estrela vai brilhar no primeiro turno!â­ï¸â­ï¸â­ï¸  rumo Ã  vitÃ³ria em outubro! 1ï¸âƒ£3ï¸âƒ£â­ï¸â¤ï¸ğŸš© 
2022-07-30 23:36:40+00:00,1553525010387636225,@MarceloFreixo @LulaOficial @geraldoalckmin @cesarmaia Foraaaa!! https://t.co/3muiKlTQoN,bolsonaro,    foraaaa!! 
2022-07-30 23:36:39+00:00,1553525008034586625,TrÃªs eleirores do @LulaOficial se olhando ğŸ’š @GuilhermeBoulos https://t.co/4XJq70VDSA,bolsonaro,trÃªs eleirores do  se olhando ğŸ’š  
2022-07-30 23:36:39+00:00,1553525005622951936,@ThiagoResiste Ã‰ LULA PRESIDENTE,bolsonaro, Ã© lula presidente
2022-07-30 23:36:39+00:00,1553525005392166913,@jairbolsonaro Foi papai lula que fez,bolsonaro, foi papai lula que fez
2022-07-30 23:36:38+00:00,1553525003563450370,"@LulaOficial Molusco de 9 dedos,tomara que vocÃª volte mesmo.
Mas para a cadeia.",bolsonaro," molusco de 9 dedos,tomara que vocÃª volte mesmo.mas para a cadeia."
2022-07-30 23:36:38+00:00,1553525002791788546,@cartacapital Ciro o arenista a serviÃ§o de Bolsonaro contra Lula!,bolsonaro, ciro o arenista a serviÃ§o de bolsonaro contra lula!
2022-07-30 23:36:36+00:00,1553524995384557577,"Uma amiga bolsonarista, hoje, me enviou via zap um RECORTE de vÃ­deo de palestra do Lula na dÃ©cada de 80, na UNICAMP, em q ele confessaria ter ""um plano comunista"" p o Brasil. Azar dela que eu identifiquei na hora o vÃ­deo pois leio e assisto de tudo e tenho memÃ³ria prodigiosa. 1/3",bolsonaro,"uma amiga bolsonarista, hoje, me enviou via zap um recorte de vÃ­deo de palestra do lula na dÃ©cada de 80, na unicamp, em q ele confessaria ter ""um plano comunista"" p o brasil. azar dela que eu identifiquei na hora o vÃ­deo pois leio e assisto de tudo e tenho memÃ³ria prodigiosa. 1/3"
2022-07-30 23:36:36+00:00,1553524994625388546,hj chegou uma homem la no meu trabalho e o celular dele tocou : EEI LULA EU VOU VOTAR EM TU eu automaticamente abri um sorrisÃ£o (,bolsonaro,hj chegou uma homem la no meu trabalho e o celular dele tocou : eei lula eu vou votar em tu eu automaticamente abri um sorrisÃ£o (
2022-07-30 23:36:36+00:00,1553524994596118537,"@Menino_maiki Agora mano, uma coisa Ã© certa, se o lula ganhar...
Eu tenho uma leve impressÃ£o que os argentinos vai perder a vontade de vir pra cÃ¡ e o motivo acho que nÃ£o preciso dizer",bolsonaro," agora mano, uma coisa Ã© certa, se o lula ganhar...eu tenho uma leve impressÃ£o que os argentinos vai perder a vontade de vir pra cÃ¡ e o motivo acho que nÃ£o preciso dizer"
2022-07-30 23:36:36+00:00,1553524994168291329,O Lindo Lula!,bolsonaro,o lindo lula!
2022-07-30 23:36:36+00:00,1553524994105286656,"Luciano Bivar o presidente da UniÃ£o Brasil, tem negociado com o PT, e SÃ©rgio Moro afirma que jamais apoiaria Lula e Alckmin: ""PT e Lula de volta jamais"". 

Contra tudo e contra todos, alguÃ©m tem que avisar a Moro, que Lula nÃ£o precisa de seu apoio. https://t.co/YATMG5YFbc",bolsonaro,"luciano bivar o presidente da uniÃ£o brasil, tem negociado com o pt, e sÃ©rgio moro afirma que jamais apoiaria lula e alckmin: ""pt e lula de volta jamais"". contra tudo e contra todos, alguÃ©m tem que avisar a moro, que lula nÃ£o precisa de seu apoio. "
2022-07-30 23:36:36+00:00,1553524993581109248,@nonoinvestidor @LulaOficial @ricardostuckert Hahahahahhaha,bolsonaro,   hahahahahhaha
2022-07-30 23:36:36+00:00,1553524993270714368,"@flaviogordon Podem tentar,e vÃ£o ver com quantos pau se faz uma canoa..pra eles negarem teria que ter no mÃ­nimo um bom motivo.o lula tem vÃ¡rios motivos, inclusive Ã© ladrÃ£o e continua legÃ­vel.querem uma revolta popular Ã© sÃ³ eles tentar esse golpe",bolsonaro," podem tentar,e vÃ£o ver com quantos pau se faz uma canoa..pra eles negarem teria que ter no mÃ­nimo um bom motivo.o lula tem vÃ¡rios motivos, inclusive Ã© ladrÃ£o e continua legÃ­vel.querem uma revolta popular Ã© sÃ³ eles tentar esse golpe"
2022-07-30 23:36:35+00:00,1553524992075354113,"@tatifarah @monikalive E o Lula, pode ser??Â¿ https://t.co/rRRn9tAlBm",bolsonaro,"  e o lula, pode ser??Â¿ "
2022-07-30 23:36:34+00:00,1553524988254339079,@renancalheiros @LulaOficial https://t.co/bc1OAVWSTk,bolsonaro,  
2022-07-30 23:36:34+00:00,1553524987004428293,@g_vgouvea @augustodeAB @psb @LulaOficial Destruiu o paÃ­s em 4 mandatos e agora quer reconstruir?!,bolsonaro,    destruiu o paÃ­s em 4 mandatos e agora quer reconstruir?!
2022-07-30 23:36:33+00:00,1553524982080217088,@LulaOficial @dilmabr Pode atÃ© ser isso mesmo mas nÃ£o rouba nÃ£o tem vÃ­nculo com o PCC que nem vocÃª fedido,bolsonaro,  pode atÃ© ser isso mesmo mas nÃ£o rouba nÃ£o tem vÃ­nculo com o pcc que nem vocÃª fedido
2022-07-30 23:36:33+00:00,1553524980805259266,"@ananias_1979 @lucinha_ce Em 2018 todas as pesquisas indicavam que Ciro era o Ãºnico que venceria Bolsonaro. O Lula mesmo na cadeia, nÃ£o o apoiou. O que falta eu entender?",bolsonaro,"  em 2018 todas as pesquisas indicavam que ciro era o Ãºnico que venceria bolsonaro. o lula mesmo na cadeia, nÃ£o o apoiou. o que falta eu entender?"
2022-07-30 23:36:33+00:00,1553524980624904192,@LulaOficial @dilmabr https://t.co/6JcJbhTdST,bolsonaro,  
2022-07-30 23:36:33+00:00,1553524980498964482,"Como assim, 25% dos eleitores de Bolsonaro votariam em Lula e 17% de Lula votariam em Bolsonaro???? Entendi nada, pensei que eram Ã¡gua e Ã³leo.",bolsonaro,"como assim, 25% dos eleitores de bolsonaro votariam em lula e 17% de lula votariam em bolsonaro???? entendi nada, pensei que eram Ã¡gua e Ã³leo."
2022-07-30 23:36:33+00:00,1553524980146737154,"@renancalheiros @LulaOficial Verme elogiando verde, sensacional",bolsonaro,"  verme elogiando verde, sensacional"
2022-07-30 23:36:32+00:00,1553524976493465601,@renancalheiros @LulaOficial Lola ladrÃ£o,bolsonaro,  lola ladrÃ£o
2022-07-30 23:36:31+00:00,1553524974773846018,"ğŸµğŸ¶Lula lÃ¡, brilha uma estrela Lula lÃ¡, cresce a esperanÃ§a Lula lÃ¡, o Brasil crianÃ§a.ğŸµNa alegria de se abraÃ§ar. ğŸ¶Lula lÃ¡, c sinceridade Lula lÃ¡, c toda a certeza pra vc.ğŸ¶ Meu 1Â° voto.Pra fazer brilhar nossa estrela. Lula lÃ¡, Ã© a gente junto. Lula lÃ¡, valeu a espera. ğŸ¶ğŸ¶ğŸ¶ğŸ‡§ğŸ‡· https://t.co/cUxryzhKIN",bolsonaro,"ğŸµğŸ¶lula lÃ¡, brilha uma estrela lula lÃ¡, cresce a esperanÃ§a lula lÃ¡, o brasil crianÃ§a.ğŸµna alegria de se abraÃ§ar. ğŸ¶lula lÃ¡, c sinceridade lula lÃ¡, c toda a certeza pra vc.ğŸ¶ meu 1Â° voto.pra fazer brilhar nossa estrela. lula lÃ¡, Ã© a gente junto. lula lÃ¡, valeu a espera. ğŸ¶ğŸ¶ğŸ¶ğŸ‡§ğŸ‡· "
2022-07-30 23:36:31+00:00,1553524974589300741,@renancalheiros @LulaOficial E vocÃª Ã© oque? NÃ³s ti conhecemos Renan. Aqui em SÃ£o Paulo vocÃª nÃ£o ganha nada. NÃ£o voto em vocÃª nem para monitor de escola. @jairbolsonaro olha esses caras kkk,bolsonaro,  e vocÃª Ã© oque? nÃ³s ti conhecemos renan. aqui em sÃ£o paulo vocÃª nÃ£o ganha nada. nÃ£o voto em vocÃª nem para monitor de escola.  olha esses caras kkk
2022-07-30 23:36:31+00:00,1553524973309988864,"@LulaOficial Ainda bem que somos muitos para impedir que o criminoso condenado, suspeitos de associaÃ§Ã£o com narcotrÃ¡fico, mÃ­dias e polÃ­ticos com crise de abstinÃªncia de dinheiro pÃºblico e seus cÃºmplices  tomem conta do Brasil.",bolsonaro," ainda bem que somos muitos para impedir que o criminoso condenado, suspeitos de associaÃ§Ã£o com narcotrÃ¡fico, mÃ­dias e polÃ­ticos com crise de abstinÃªncia de dinheiro pÃºblico e seus cÃºmplices  tomem conta do brasil."
2022-07-30 23:36:31+00:00,1553524972244672515,@DeputadoFederal @LulaOficial JÃ¡ resolve os problemas da falÃªncia fraudulenta dos postos de gasolina?,bolsonaro,  jÃ¡ resolve os problemas da falÃªncia fraudulenta dos postos de gasolina?
2022-07-30 23:36:30+00:00,1553524970768277517,@LulaOficial Vc Ã© um mentiroso!!!,bolsonaro, vc Ã© um mentiroso!!!
2022-07-30 23:36:28+00:00,1553524962656403456,"@ricardojgomes @change_br Esse Manifesto estÃ¡ bombando, mas como diz a repÃ³rter Amanda Lula, nÃ£o tem valor porque Ã© assinada por pessoas simples com nÃ³s O POVO ğŸ˜‚
Vamos assinar Pessoal!!!",bolsonaro,"  esse manifesto estÃ¡ bombando, mas como diz a repÃ³rter amanda lula, nÃ£o tem valor porque Ã© assinada por pessoas simples com nÃ³s o povo ğŸ˜‚vamos assinar pessoal!!!"
2022-07-30 23:36:28+00:00,1553524959879864320,"@NeoTupi @LulaOficial Se ele ganhar nem pix tu faz mais,nem celular vc vai ter kkkkkkkk ainda bem q nÃ£o ganha",bolsonaro,"  se ele ganhar nem pix tu faz mais,nem celular vc vai ter kkkkkkkk ainda bem q nÃ£o ganha"
2022-07-30 23:36:27+00:00,1553524958004920322,@LulaOficial Calaboca Lula vc parece o doguinho panÃ§udo,bolsonaro, calaboca lula vc parece o doguinho panÃ§udo
2022-07-30 23:36:27+00:00,1553524957358989313,@LulaOficial Que bosta. Os outros sÃ£o de vagabundos?,bolsonaro, que bosta. os outros sÃ£o de vagabundos?
2022-07-30 23:36:26+00:00,1553524953055633409,@DieguitoLima7 @soueuAlan_ @ValterJunior913 @LulaOficial @ricardostuckert como se bolsonaro fosse visitar povÃ£o. o cara nÃ£o sai da bolha.,bolsonaro,     como se bolsonaro fosse visitar povÃ£o. o cara nÃ£o sai da bolha.
2022-07-30 23:36:26+00:00,1553524951965106178,@senadorhumberto O do lula nÃ£o nÃ©??? ğŸ¤£ğŸ¤£ğŸ¤£ğŸ¤£ğŸ¤£ğŸ¤£ğŸ¤£ğŸ¤£ğŸ¤£ğŸ¤£ğŸ¤£ğŸ¤£ğŸ¤£ğŸ¤£ğŸ¤£ğŸ¤£ğŸ¤£ğŸ¤£ğŸ¤£ğŸ¤£ğŸ¤£ğŸ¤£ğŸ¤£ğŸ¤£ğŸ¤£ğŸ¤£ğŸ¤£ğŸ¤£ğŸ¤£ğŸ¤£ğŸ¤£ğŸ¤£ğŸ¤£ğŸ¤£ğŸ¤£ğŸ¤£ğŸ¤£ğŸ¤£ğŸ¤£ğŸ¤£,bolsonaro, o do lula nÃ£o nÃ©??? ğŸ¤£ğŸ¤£ğŸ¤£ğŸ¤£ğŸ¤£ğŸ¤£ğŸ¤£ğŸ¤£ğŸ¤£ğŸ¤£ğŸ¤£ğŸ¤£ğŸ¤£ğŸ¤£ğŸ¤£ğŸ¤£ğŸ¤£ğŸ¤£ğŸ¤£ğŸ¤£ğŸ¤£ğŸ¤£ğŸ¤£ğŸ¤£ğŸ¤£ğŸ¤£ğŸ¤£ğŸ¤£ğŸ¤£ğŸ¤£ğŸ¤£ğŸ¤£ğŸ¤£ğŸ¤£ğŸ¤£ğŸ¤£ğŸ¤£ğŸ¤£ğŸ¤£ğŸ¤£
2022-07-30 23:36:25+00:00,1553524950434291712,"@ze_carlospt NÃ£o usarei em razÃ£o de todas as falcatruas da CBF. E, adianto, que sÃ³ torcerei pelo Brasil caso Lula seja eleito!",bolsonaro," nÃ£o usarei em razÃ£o de todas as falcatruas da cbf. e, adianto, que sÃ³ torcerei pelo brasil caso lula seja eleito!"
2022-07-30 23:36:23+00:00,1553524941940822016,"@LulaOficial @dilmabr O senhor e o PT sÃ£o especializados em mentir e desviar $$$, nÃ£o as Ã¡guas do rio... 

Obrigada Bolsonaro por entregar essa obra, o pix, pagar salÃ¡rios na pandemia para evitar demissÃµes, reduzir o desemprego, auxÃ­lio Brasil de $600, reduzir homicÃ­dios...
#CapitaoNoPrimeiroTurno",bolsonaro,"  o senhor e o pt sÃ£o especializados em mentir e desviar $$$, nÃ£o as Ã¡guas do rio... obrigada bolsonaro por entregar essa obra, o pix, pagar salÃ¡rios na pandemia para evitar demissÃµes, reduzir o desemprego, auxÃ­lio brasil de $600, reduzir homicÃ­dios..."
2022-07-30 23:36:23+00:00,1553524938413428737,"@marcofeliciano Cita em lula que nÃ£o aguenta mais evangÃ©licos e os polÃ­ticos safados roubando, com orÃ§amento SECRETO https://t.co/4TEOAdkovf",bolsonaro," cita em lula que nÃ£o aguenta mais evangÃ©licos e os polÃ­ticos safados roubando, com orÃ§amento secreto "
2022-07-30 23:36:22+00:00,1553524934202253320,"@LulaOficial Na AssemblÃ©ia do Sindicato, FORA BOLSONARO, NÃƒO DEU CERTO..ğŸ‘ğŸ‘ğŸ‘ğŸ˜ğŸ˜ https://t.co/di2qDk86ly",bolsonaro," na assemblÃ©ia do sindicato, fora bolsonaro, nÃ£o deu certo..ğŸ‘ğŸ‘ğŸ‘ğŸ˜ğŸ˜ "
2022-07-30 23:36:21+00:00,1553524931673178117,@VitorDasMitadas @MuskDontBanMe @lavagiro Vai pedir lula livre na net mano,bolsonaro,   vai pedir lula livre na net mano
2022-07-30 23:36:20+00:00,1553524928183508993,@geraldoalckmin @LulaOficial @PSBNacional40 @ptbrasil @csiqueirapsb Falso! DÃ¡ asco olhar tanta podridÃ£o!,bolsonaro,     falso! dÃ¡ asco olhar tanta podridÃ£o!
2022-07-30 23:36:19+00:00,1553524924676972544,"Chapas fortÃ­ssimas de esquerda no RS, SP e RJ. Podemos atÃ© nÃ£o levar no RS e RJ, mas garantirÃ¡ a vitÃ³ria do Lula no primeiro turno ğŸ™ğŸ»ğŸ‘ğŸ» #Lula13 CONFIRMA",bolsonaro,"chapas fortÃ­ssimas de esquerda no rs, sp e rj. podemos atÃ© nÃ£o levar no rs e rj, mas garantirÃ¡ a vitÃ³ria do lula no primeiro turno ğŸ™ğŸ»ğŸ‘ğŸ»  confirma"
2022-07-30 23:36:16+00:00,1553524911116795904,AtÃ© a logomarca Ã© vermelha; ComeÃ§a com L de Lula. Ã‰ sÃ³ apertar 13 e Confirmar!!! https://t.co/RSSeywYCx2,bolsonaro,atÃ© a logomarca Ã© vermelha; comeÃ§a com l de lula. Ã© sÃ³ apertar 13 e confirmar!!! 
2022-07-31 00:00:57+00:00,1553531121018732544,NA FRENTE DE BOLSONARO! O Presidente foi SURPREENDlD0 AGORA e ACABOU DE ... https://t.co/BF7ufJ5FnO via @YouTube,bolsonaro,na frente de bolsonaro! o presidente foi surpreendld0 agora e acabou de ...  via 
2022-07-31 00:00:55+00:00,1553531114819551237,"@cartacapital Se as forcas armadas participarem desse ato ficarÃ£o totalmente DESMORALIZADAS, jÃ¡ jÃ¡ causa repulsa na maioria da populaÃ§Ã£o irÃ£o ficar repugnantes fardados, espero que eles queiram melhorar a imagem dessa farda e entrarem no chiqueiro do Bolsonaro.",bolsonaro," se as forcas armadas participarem desse ato ficarÃ£o totalmente desmoralizadas, jÃ¡ jÃ¡ causa repulsa na maioria da populaÃ§Ã£o irÃ£o ficar repugnantes fardados, espero que eles queiram melhorar a imagem dessa farda e entrarem no chiqueiro do bolsonaro."
2022-07-31 00:00:55+00:00,1553531114257620993,Esse super Man Ã© do caralho msm hahahağŸ‡§ğŸ‡·ğŸ‡§ğŸ‡·ğŸ‡§ğŸ‡· @marcoa_costa #BolsonaroNoPrimeiroTurno #BolsonaroReeleitoEm2022 #BolsonaroReeleito2022 @jairbolsonaro @JoaquinTeixeira @JovemPanNews https://t.co/3gU0VbHt2p,bolsonaro,esse super man Ã© do caralho msm hahahağŸ‡§ğŸ‡·ğŸ‡§ğŸ‡·ğŸ‡§ğŸ‡·        
2022-07-31 00:00:54+00:00,1553531110461685766,@OGloboPolitica Bolsonaro  mais 6 mil militares que trabalham em seu governo e seus familiares e amigos encherÃ£o Ã s ruas.,bolsonaro, bolsonaro  mais 6 mil militares que trabalham em seu governo e seus familiares e amigos encherÃ£o Ã s ruas.
2022-07-31 00:00:54+00:00,1553531109299953664,"@BolsonaroSP @tarcisiogdf @jairbolsonaro Os cristÃ£o q nunca foram pra igreja.
AlguÃ©m jÃ¡ viu algum dos Bolsonaro em alguma igreja?",bolsonaro,   os cristÃ£o q nunca foram pra igreja.alguÃ©m jÃ¡ viu algum dos bolsonaro em alguma igreja?
2022-07-31 00:00:52+00:00,1553531102224064512,@CarlaZambelli38 @jairbolsonaro ğŸ’šğŸ’›ğŸ‡§ğŸ‡· tÃ¡ feito 22 neles âœï¸ Luci Ribeiro-Joao Pessoa PB ğŸ”Š VOTEI E TORNAREI A VOTA ğŸ‡§ğŸ‡·#primeiroturnoâœï¸ https://t.co/0qLkSFnq4F,bolsonaro,  ğŸ’šğŸ’›ğŸ‡§ğŸ‡· tÃ¡ feito 22 neles âœï¸ luci ribeiro-joao pessoa pb ğŸ”Š votei e tornarei a vota ğŸ‡§ğŸ‡· 
2022-07-31 00:00:52+00:00,1553531102052089857,"@MartinHolistica @ArthurLira_ Antes de publicar MENTIRAS, devia se informar: o PR Bolsonaro, VETOU O ORÃ‡AMENTO SECRETO, sabem quem derrubou O VETO DO ORÃ‡AMENTO SECRETO no Congresso? - O PT! Isso mesmo! https://t.co/GuAIoXVfAs",bolsonaro,"  antes de publicar mentiras, devia se informar: o pr bolsonaro, vetou o orÃ§amento secreto, sabem quem derrubou o veto do orÃ§amento secreto no congresso? - o pt! isso mesmo! "
2022-07-31 00:00:52+00:00,1553531100877709313,"Preocupante, nÃ©, JanaÃ­na, vocÃª agora entendeu que vai ser Bolsonaro no primeiro turno... https://t.co/QCi7NEpqVM",bolsonaro,"preocupante, nÃ©, janaÃ­na, vocÃª agora entendeu que vai ser bolsonaro no primeiro turno... "
2022-07-31 00:00:50+00:00,1553531094988890126,@MARCIOFONSECA77 @AriesBelo O BRASIL NAO VAI ESQUECER!!! ğŸ˜ BOLSONARO Ã‰ GEN0CIDA LADRÃƒO CORRUPTO TUDO DE RUIM. https://t.co/COOMGjOe1P,bolsonaro,  o brasil nao vai esquecer!!! ğŸ˜ bolsonaro Ã© gen0cida ladrÃ£o corrupto tudo de ruim. 
2022-07-31 00:00:48+00:00,1553531086566744064,"@PauloMartins10 @jairbolsonaro @ratinho_jr O que o Sr. Fez pelo Brasil,  nunca serÃ¡ esquecido. A queda do imposto sindical foi um enorme passo para um paÃ­s melhor. Tmj.",bolsonaro,"   o que o sr. fez pelo brasil,  nunca serÃ¡ esquecido. a queda do imposto sindical foi um enorme passo para um paÃ­s melhor. tmj."
2022-07-31 00:00:48+00:00,1553531084503191552,@monark @MarcioN36492232 NÃºmero nas ruas nÃ£o vale a nÃ£o ser que seja a favor de Bolsonaro onde hÃ¡ multidÃµes em todos os cantos do Brasil e a velha imprensa ignora. O resto vale atÃ© convenÃ§Ã£o mundial de trigÃªmeos.,bolsonaro,  nÃºmero nas ruas nÃ£o vale a nÃ£o ser que seja a favor de bolsonaro onde hÃ¡ multidÃµes em todos os cantos do brasil e a velha imprensa ignora. o resto vale atÃ© convenÃ§Ã£o mundial de trigÃªmeos.
2022-07-31 00:00:48+00:00,1553531083777626112,"@NeideValade Esse bÃªbado nÂº 2 em importÃ¢ncia|( perde sÃ³ pro pinguÃ§o ladrÃ£o), as vzs fala verdade, outras se vira contra Bolsonaro...TÃ SEMPRE BEBAÃ‡O...ESPERO QUE ELE SUMA DO CENARIO E LEVE DE CONTRAPESO O LULARÃPIO...",bolsonaro," esse bÃªbado nÂº 2 em importÃ¢ncia|( perde sÃ³ pro pinguÃ§o ladrÃ£o), as vzs fala verdade, outras se vira contra bolsonaro...tÃ¡ sempre bebaÃ§o...espero que ele suma do cenario e leve de contrapeso o lularÃ¡pio..."
2022-07-31 00:00:47+00:00,1553531082200465410,"Bolsonaro diz que ForÃ§as Armadas vÃ£o desfilar 'ao lado do povo' no 7 de Setembro, estaremos  juntos https://t.co/44PiAf5obB #R7 via @portalr7",bolsonaro,"bolsonaro diz que forÃ§as armadas vÃ£o desfilar 'ao lado do povo' no 7 de setembro, estaremos  juntos   via "
2022-07-31 00:00:45+00:00,1553531074218958848,"Queria saber como o fachin o @LRobertoBarroso e o fux imaginam que vÃ£o tirar as digitais deles da degradaÃ§Ã£o institucional a que colocaram o paÃ­s depois de claramente apoiarem o @SF_Moro e o mesmo apoiar, por exclusÃ£o, o bolsonaro agora.",bolsonaro,"queria saber como o fachin o  e o fux imaginam que vÃ£o tirar as digitais deles da degradaÃ§Ã£o institucional a que colocaram o paÃ­s depois de claramente apoiarem o  e o mesmo apoiar, por exclusÃ£o, o bolsonaro agora."
2022-07-31 00:00:44+00:00,1553531069000998915,@jairbolsonaro Lula vem aÃ­!,bolsonaro, lula vem aÃ­!
2022-07-31 00:00:44+00:00,1553531066983612416,NÃƒO SEI COMO EXPLICAR MAS BOLSONARO SEMPRE TEVE RAZÃƒO NAS SUAS PREVISÃ•ES https://t.co/3PTyXWehdJ,bolsonaro,nÃ£o sei como explicar mas bolsonaro sempre teve razÃ£o nas suas previsÃµes 
2022-07-31 00:00:43+00:00,1553531062999040001,"Espero que se o senhor ganhar, vai apoiar o nosso amado presidente Bolsonaro, porque se for um mau deputado e ficar contra o povo, serÃ¡ o seu fim na polÃ­tica. https://t.co/N7GqobEM8V",bolsonaro,"espero que se o senhor ganhar, vai apoiar o nosso amado presidente bolsonaro, porque se for um mau deputado e ficar contra o povo, serÃ¡ o seu fim na polÃ­tica. "
2022-07-31 00:00:42+00:00,1553531060289503232,"@WhitlockJason Hello Jason. Watched your take with Glenn about family, religion... In Brazil, the war is alike. And President Bolsonaro's foundation is exactly what the left hates the most. He's moving millions wherever he goes..! Presidential election will be held in October...",bolsonaro," hello jason. watched your take with glenn about family, religion... in brazil, the war is alike. and president bolsonaro's foundation is exactly what the left hates the most. he's moving millions wherever he goes..! presidential election will be held in october..."
2022-07-31 00:00:42+00:00,1553531059958169604,"@marcofeliciano @jairbolsonaro Cuidado bozo,teus aliados querem te jogar numa furada,vc nÃ£o aguenta 3 perguntas q te fizerem q vc nÃ£o saiba responder,vai passar vergonha.",bolsonaro,"  cuidado bozo,teus aliados querem te jogar numa furada,vc nÃ£o aguenta 3 perguntas q te fizerem q vc nÃ£o saiba responder,vai passar vergonha."
2022-07-31 00:00:42+00:00,1553531058167205888,@jairbolsonaro Boa,bolsonaro, boa
2022-07-31 00:00:41+00:00,1553531055155585024,@tarcisiogdf @jairbolsonaro Nao votaria neste sujeito.,bolsonaro,  nao votaria neste sujeito.
2022-07-31 00:00:41+00:00,1553531054144864257,"@Damadeferroofic Bolsonaro deu voz aos tolos, continuou elevando a autoestima dos idiotas, supervalorizou a estupidez, continua dando cargo aos imbecis e canalhas que continuam dilapidando o patrimÃ´nio pÃºblico. E ainda acha que o defenda. Grandes mudanÃ§as kkkkkkk",bolsonaro," bolsonaro deu voz aos tolos, continuou elevando a autoestima dos idiotas, supervalorizou a estupidez, continua dando cargo aos imbecis e canalhas que continuam dilapidando o patrimÃ´nio pÃºblico. e ainda acha que o defenda. grandes mudanÃ§as kkkkkkk"
2022-07-31 00:00:40+00:00,1553531052261605377,@Metropoles TransparÃªncia ??? E esses sigilos @jairbolsonaro #jaircorrupto,bolsonaro, transparÃªncia ??? e esses sigilos  
2022-07-31 00:00:38+00:00,1553531044711862279,@jairbolsonaro Show  Presidente Bolsonaro.  #BolsonaroReeleitoNoPrimeiroTurno,bolsonaro, show  presidente bolsonaro.  
2022-07-31 00:00:38+00:00,1553531041226391554,@alisson_drumond @carmelonetobr @jairbolsonaro MINTAGEM !!!alÃ©m disso estÃ¡ no cercado ğŸ˜‚,bolsonaro,   mintagem !!!alÃ©m disso estÃ¡ no cercado ğŸ˜‚
2022-07-31 00:00:36+00:00,1553531036474171398,@DaniloBalas @jairbolsonaro @tarcisiogdf @republicanos10 https://t.co/4L4RJLBjyK,bolsonaro,    
2022-07-31 00:00:35+00:00,1553531030992191488,"@BodeEsquerda Bateu o desespero no ladrÃ£o, 
atÃ© a robozada Ã© Bolsonaro https://t.co/0uStZmScDd",bolsonaro," bateu o desespero no ladrÃ£o, atÃ© a robozada Ã© bolsonaro "
2022-07-31 00:00:33+00:00,1553531020124749824,"BNews: ğŸ˜‚A debandada : PrÃ©-candidatos evitam vÃ­nculo com Bolsonaro em campanhas no Nordeste.
https://t.co/jz6DGgkJwo

via @GoogleNews",bolsonaro,bnews: ğŸ˜‚a debandada : prÃ©-candidatos evitam vÃ­nculo com bolsonaro em campanhas no nordeste. 
2022-07-31 00:00:32+00:00,1553531017553739776,Eu voto ğŸ—³ ğŸ—³ bolsonaro https://t.co/le803cLClN,bolsonaro,eu voto ğŸ—³ ğŸ—³ bolsonaro 
2022-07-31 00:00:32+00:00,1553531015846629379,"Vc sabia? Bolsonaro e seus militares estÃ£o cada vez mais perdidos por causa da pandemia... 
 https://t.co/8JbudgrIpQ",bolsonaro,vc sabia? bolsonaro e seus militares estÃ£o cada vez mais perdidos por causa da pandemia...  
2022-07-31 00:00:31+00:00,1553531014999318531,"Vc sabia? Bolsonaro que nunca se manifestou a favor do uso de mÃ¡scara ou pediu a populaÃ§Ã£o para usar alcool gel, fala agora que a vacina nÃ£o serÃ¡ obrigatÃ³ria 
 https://t.co/A1BSvaylGB",bolsonaro,"vc sabia? bolsonaro que nunca se manifestou a favor do uso de mÃ¡scara ou pediu a populaÃ§Ã£o para usar alcool gel, fala agora que a vacina nÃ£o serÃ¡ obrigatÃ³ria  "
2022-07-31 00:00:31+00:00,1553531014542131201,"@sci_denzelmito A vida nos fez amigos
Mais o bolsonaro nos fez irmÃ£osğŸ¤",bolsonaro, a vida nos fez amigosmais o bolsonaro nos fez irmÃ£osğŸ¤
2022-07-31 00:00:30+00:00,1553531010620575744,@JeffMoreiraJM10 @Eliezer13525486 @marcofeliciano @jairbolsonaro Se jesus apoiar esse tipo de cristÃ£o 2022 ...Ã© melhor ele nÃ£o voltar.... Pq tÃ¡ sendo conivente com tudo esse lixo que tÃ¡i,bolsonaro,    se jesus apoiar esse tipo de cristÃ£o 2022 ...Ã© melhor ele nÃ£o voltar.... pq tÃ¡ sendo conivente com tudo esse lixo que tÃ¡i
2022-07-31 00:00:30+00:00,1553531009999802369,"@reinaldoazevedo Esse ""biete Ã© em defesa da roubalheira"" instituÃ­da pelo PT,  essa democracia que vcs pregam, destruiu o Brasil de todas as formas e pra corrigir e bolsonaro   ""o capitÃ£o do povo que vai vencer de novo"", aceita que nÃ£o tem jeito.. https://t.co/OzHd3vrgLR",bolsonaro," esse ""biete Ã© em defesa da roubalheira"" instituÃ­da pelo pt,  essa democracia que vcs pregam, destruiu o brasil de todas as formas e pra corrigir e bolsonaro   ""o capitÃ£o do povo que vai vencer de novo"", aceita que nÃ£o tem jeito.. "
2022-07-31 00:00:29+00:00,1553531005788717073,"@reinaldoazevedo Q moral vc tem p/ falar s/ racismo se negou o crime qdo a vÃ­tima era um iMundo aluno da USP sÃ³ pq ele foi defendido pelo petista Frei Davi? 

Vc teve a cara d pau de desdizer o vÃ­deo q postou. Lembra? Foi aÃ­ q deixei de te seguir em tudo. Em 2012.ğŸ˜” Ã‘ tem nada a ver com Bolsonaro",bolsonaro, q moral vc tem p/ falar s/ racismo se negou o crime qdo a vÃ­tima era um imundo aluno da usp sÃ³ pq ele foi defendido pelo petista frei davi? vc teve a cara d pau de desdizer o vÃ­deo q postou. lembra? foi aÃ­ q deixei de te seguir em tudo. em 2012.ğŸ˜” Ã± tem nada a ver com bolsonaro
2022-07-31 00:00:29+00:00,1553531004828147714,"Amigos patriotas, estou comeÃ§ando aqui no Red Bird e quero participar nessa corrente a favor do nosso capitÃ£o e Eterno Presidente Bolsonaro.",bolsonaro,"amigos patriotas, estou comeÃ§ando aqui no red bird e quero participar nessa corrente a favor do nosso capitÃ£o e eterno presidente bolsonaro."
2022-07-31 00:00:28+00:00,1553530999895621632,"@GilneiBrun Obrigada Gilnei por seguir meu perfil exclusivo de apoio a Bolsonaro.
Seguindo patriota.
#CapitaoNoPrimeiroTurno",bolsonaro, obrigada gilnei por seguir meu perfil exclusivo de apoio a bolsonaro.seguindo patriota.
2022-07-31 00:00:28+00:00,1553530999648182272,Foi em Portugal m se fosse no Brasil ia dizer que era eleitor de @jairbolsonaro . #Esclarecendo que eu nÃ£o sou racista e acho horrÃ­vel alguÃ©m ser . https://t.co/TL8ETdL7J7,bolsonaro,foi em portugal m se fosse no brasil ia dizer que era eleitor de  .  que eu nÃ£o sou racista e acho horrÃ­vel alguÃ©m ser . 
2022-07-31 00:00:28+00:00,1553530998947815425,@delegadoramagem @jairbolsonaro https://t.co/fblKOvDYlU,bolsonaro,  
2022-07-31 00:00:27+00:00,1553530995286183936,@LuizOrlandoFre1 @delegadoramagem @jairbolsonaro ğŸ‘,bolsonaro,   ğŸ‘
2022-07-31 00:00:27+00:00,1553530994879234048,"Vc sabia? Ex-esposa de Bolsonaro, RogÃ©ria Bolsonaro, mÃ£e dos trÃªs filhos mais velhos, Eduardo, FlÃ¡vio e Carlos, ainda quando era casada com Jair Bolsonaro e vereadora, comprou um imÃ³vel avaliado em R$600 mil em dinheiro vivo 
 https://t.co/7HESQiixCa",bolsonaro,"vc sabia? ex-esposa de bolsonaro, rogÃ©ria bolsonaro, mÃ£e dos trÃªs filhos mais velhos, eduardo, flÃ¡vio e carlos, ainda quando era casada com jair bolsonaro e vereadora, comprou um imÃ³vel avaliado em r$600 mil em dinheiro vivo  "
2022-07-31 00:00:26+00:00,1553530991511314432,"Vc sabia? Bolsonaro sÃ³ age para retirar de Doria protagonismo no processo de vacinaÃ§Ã£o...  
 https://t.co/zX2PA6b6yC",bolsonaro,vc sabia? bolsonaro sÃ³ age para retirar de doria protagonismo no processo de vacinaÃ§Ã£o...   
2022-07-31 00:00:26+00:00,1553530991507120128,"Vc sabia? Pedro Bial chamou Bolsonaro de â€˜desgovernanteâ€™ e â€˜acÃ©faloâ€™ 
 https://t.co/i3pWIG78CH",bolsonaro,vc sabia? pedro bial chamou bolsonaro de â€˜desgovernanteâ€™ e â€˜acÃ©faloâ€™  
2022-07-31 00:00:26+00:00,1553530991498731520,"Vc sabia? Deputado Arthur Lira (lÃ­der do centrÃ£o) Ã© investigado por desvio milionÃ¡rio de dinheiro entre 2001 e 2007. Esse Ã© o candidato do bolsonaro para presidÃªncia da cÃ¢mara dos deputados 
 https://t.co/KF3E3bl4Ii",bolsonaro,vc sabia? deputado arthur lira (lÃ­der do centrÃ£o) Ã© investigado por desvio milionÃ¡rio de dinheiro entre 2001 e 2007. esse Ã© o candidato do bolsonaro para presidÃªncia da cÃ¢mara dos deputados  
2022-07-31 00:00:25+00:00,1553530989560856576,"Bolsonaro lidera em todos os cenÃ¡rios na corrida presidencial para 2022 https://t.co/9ZA8KE0C7h

#CapitaoNoPrimeiroTurno",bolsonaro,bolsonaro lidera em todos os cenÃ¡rios na corrida presidencial para 2022 
2022-07-31 00:00:25+00:00,1553530989233717248,"@jairbolsonaro Mesmo diante de uma crise mundial, e com um bando de vagabundos puxando o Brasil para baixo, centenas de obras finalizadas!",bolsonaro," mesmo diante de uma crise mundial, e com um bando de vagabundos puxando o brasil para baixo, centenas de obras finalizadas!"
2022-07-31 00:00:25+00:00,1553530989024092161,SerÃ¡ mesmo que Fortaleza estÃ¡ mostrando colaboraÃ§Ã£o da BIG China? A internet jÃ¡ Ã©? PorÃ©m a vossa excelÃªncia o Presidente Jair Bolsonaro estÃ¡ mostrando colaboraÃ§Ã£o da BIG ordem nacional. Quem levarÃ¡ essa?,bolsonaro,serÃ¡ mesmo que fortaleza estÃ¡ mostrando colaboraÃ§Ã£o da big china? a internet jÃ¡ Ã©? porÃ©m a vossa excelÃªncia o presidente jair bolsonaro estÃ¡ mostrando colaboraÃ§Ã£o da big ordem nacional. quem levarÃ¡ essa?
2022-07-31 00:00:24+00:00,1553530984313896963,"@mfriasoficial Certo... se o Bolsonaro receber elogios de 150 mulheres, podem ser atÃ© do governo, eu mudo o meu voto.",bolsonaro," certo... se o bolsonaro receber elogios de 150 mulheres, podem ser atÃ© do governo, eu mudo o meu voto."
2022-07-31 00:00:24+00:00,1553530983567265794,"â€œA melhor e mais recente resposta ao presidente Jair Bolsonaro e ao seu projeto golpista na hipÃ³tese de ele perder a reeleiÃ§Ã£o tem uma sÃ³ palavra: bastaâ€

Leia a coluna de Antonio Carlos Prado:

https://t.co/1YSNSFwoWu",bolsonaro,â€œa melhor e mais recente resposta ao presidente jair bolsonaro e ao seu projeto golpista na hipÃ³tese de ele perder a reeleiÃ§Ã£o tem uma sÃ³ palavra: bastaâ€leia a coluna de antonio carlos prado:
2022-07-31 00:00:24+00:00,1553530983428784129,@SamPancher @marcosmunizmelo O eleitor de Lula e de Bolsonaro nÃ£o estÃ£o nem aÃ­ e nÃ£o se sentem desrespeitados.,bolsonaro,  o eleitor de lula e de bolsonaro nÃ£o estÃ£o nem aÃ­ e nÃ£o se sentem desrespeitados.
2022-07-31 00:00:23+00:00,1553530980060864513,@maxbmc E o orÃ§amento secreto?e cartÃ£o corporativo estourado com o que?E o dinheiro pÃºblico usado pra passear de moto ou jetski?Porque Queiroz tava escondido na casa do advogado dos Bolsonaros?E os 89 mil na conta da primeira dama?e Bolsonaro confessando que tinha funcionÃ¡ria fantasma?,bolsonaro, e o orÃ§amento secreto?e cartÃ£o corporativo estourado com o que?e o dinheiro pÃºblico usado pra passear de moto ou jetski?porque queiroz tava escondido na casa do advogado dos bolsonaros?e os 89 mil na conta da primeira dama?e bolsonaro confessando que tinha funcionÃ¡ria fantasma?
2022-07-31 00:00:57+00:00,1553531121811574785,Luciano Bivar nega que desistirÃ¡ de candidatura para apoiar Lula - https://t.co/DCWJ0XkSZi,lula,luciano bivar nega que desistirÃ¡ de candidatura para apoiar lula - 
2022-07-31 00:00:56+00:00,1553531119303380994,"@Fernando3FF @DeputadoFederal @LulaOficial Um bando de analfabetos falando em bibliotecas...
SÃ³ rindo!! https://t.co/mIdrYOWvHl",lula,   um bando de analfabetos falando em bibliotecas...sÃ³ rindo!! 
2022-07-31 00:00:56+00:00,1553531117449449481,"@LulaOficial O bem contra o mal, e o bem vencerÃ¡!!",lula," o bem contra o mal, e o bem vencerÃ¡!!"
2022-07-31 00:00:56+00:00,1553531116652564483,@o_antagonista Hahaha! Um dos maiores cabos eleitorais do Lula,lula, hahaha! um dos maiores cabos eleitorais do lula
2022-07-31 00:00:55+00:00,1553531115394170882,"@Noel_MORO2022 Justo!
NÃ£o soltaram o Lula? Deixa agora passar a boiada",lula, justo!nÃ£o soltaram o lula? deixa agora passar a boiada
2022-07-31 00:00:54+00:00,1553531109140570112,@ptbrasil @LulaOficial https://t.co/umN8yNdsxi,lula,  
2022-07-31 00:00:54+00:00,1553531108578529283,"LULA 
NO CORAÃ‡ÃƒO 
DO POVO 
BRASILEIRO 
ğŸ˜‚â¤ï¸ğŸŒºğŸ‡§ğŸ‡·ğŸ¤©ğŸ˜† https://t.co/eJp9hwpsdg",lula,lula no coraÃ§Ã£o do povo brasileiro ğŸ˜‚â¤ï¸ğŸŒºğŸ‡§ğŸ‡·ğŸ¤©ğŸ˜† 
2022-07-31 00:00:53+00:00,1553531104774209536,"@Ftimama32628691 @Nilsonhandebol Copie e cole. Quem  for votar no Lula, me segue que eu sigo de volta! Esquerda segue esquerda 
@Nilsonhandebol",lula,"  copie e cole. quem  for votar no lula, me segue que eu sigo de volta! esquerda segue esquerda "
2022-07-31 00:00:52+00:00,1553531101804724224,@LulaOficial @LulaOficial quando tu souber me explicar o conceito de fascismo vamos falar ok . AtÃ© entÃ£o vocÃª ainda e um analfabeto.,lula,  quando tu souber me explicar o conceito de fascismo vamos falar ok . atÃ© entÃ£o vocÃª ainda e um analfabeto.
2022-07-31 00:00:52+00:00,1553531101565669394,@LulaOficial @dilmabr pt NUNCA MAIS XÃ” XÃ” XÃ” XÃ” XÃ” XÃ” XÃ” XÃ” XÃ” XÃ” XÃ” XÃ” XÃ” XÃ” XÃ” XÃ” XÃ”,lula,  pt nunca mais xÃ´ xÃ´ xÃ´ xÃ´ xÃ´ xÃ´ xÃ´ xÃ´ xÃ´ xÃ´ xÃ´ xÃ´ xÃ´ xÃ´ xÃ´ xÃ´ xÃ´
2022-07-31 00:00:52+00:00,1553531101104295937,"Uns quatro ou cinco militontos me responderam hj q o Lula nÃ£o enche as ruas, pq seus apoiadores tÃªm medo de atentados. E qdo perguntei q quem gosta de dar facada ou jogar alguÃ©m contra para-choque de caminhÃ£o, Ã© pessoa de esquerda, todos ficaram mudos.",lula,"uns quatro ou cinco militontos me responderam hj q o lula nÃ£o enche as ruas, pq seus apoiadores tÃªm medo de atentados. e qdo perguntei q quem gosta de dar facada ou jogar alguÃ©m contra para-choque de caminhÃ£o, Ã© pessoa de esquerda, todos ficaram mudos."
2022-07-31 00:00:52+00:00,1553531099573374977,"@LulaOficial @dilmabr Ficaram por quase 16 anos no poder, enriqueceram, roubaram, fizeram o diabo. Quem se lasca Ã© o povo, que sempre paga a conta. O homem mais honesto do mundo quer sÃ³ mais uma oportunidade, pra terminar de foder essa porra toda.",lula,"  ficaram por quase 16 anos no poder, enriqueceram, roubaram, fizeram o diabo. quem se lasca Ã© o povo, que sempre paga a conta. o homem mais honesto do mundo quer sÃ³ mais uma oportunidade, pra terminar de foder essa porra toda."
2022-07-31 00:00:50+00:00,1553531093940314112,@LulaOficial @ricardostuckert Pergunta que nÃ£o quer calar: https://t.co/jyyDId1mFk,lula,  pergunta que nÃ£o quer calar: 
2022-07-31 00:00:50+00:00,1553531092971520003,@Anderso11565208 @Marcos3830 @JailmaFabiana @LulaOficial @ricardostuckert Os caras roubam atÃ© em foto ğŸ˜‚,lula,     os caras roubam atÃ© em foto ğŸ˜‚
2022-07-31 00:00:48+00:00,1553531086147297280,"@LulaOficial @ricardostuckert Casa destruÃ­da pelos Esquemas de CorrupÃ§Ã£o como PETROLÃƒO, MENSALÃƒO E LAVA-JATO!ğŸ˜ˆ
#LugarDeCorruptoEnaCadeia",lula,"  casa destruÃ­da pelos esquemas de corrupÃ§Ã£o como petrolÃ£o, mensalÃ£o e lava-jato!ğŸ˜ˆ"
2022-07-31 00:00:48+00:00,1553531084645842947,"ğŸ¤£ğŸ˜‚ğŸ¤£ğŸ˜‚ğŸ¤£ğŸ˜‚ğŸ¤£Navio afundando, ratos correndo pra fora!!! @LulaOficial #LulaMelhorPresidente https://t.co/bzI8sDCPya",lula,"ğŸ¤£ğŸ˜‚ğŸ¤£ğŸ˜‚ğŸ¤£ğŸ˜‚ğŸ¤£navio afundando, ratos correndo pra fora!!!   "
2022-07-31 00:00:45+00:00,1553531071702224897,"@FlavioBolsonaro Bateu o desespero nÃ© meu filho???ğŸ˜…ğŸ˜…ğŸ˜….Lula tÃ¡ chegando!!!! 
#lulaeleitonoprimeiroturno #Lula13
#LulaPresidente13 https://t.co/TiGG8zUHX8",lula, bateu o desespero nÃ© meu filho???ğŸ˜…ğŸ˜…ğŸ˜….lula tÃ¡ chegando!!!!   
2022-07-31 00:00:45+00:00,1553531070662017027,"@ElianaORSdS @MaAmarco @VEJA @Mleitaonetto Sim, tem.
Mas o Lula elogiou abertamente um radical (que tentou assassinar um homem o atirando contra um caminhÃ£o), disse que Ã© esse tipo de comportamento que ele espera de seus apoiadores.",lula,"    sim, tem.mas o lula elogiou abertamente um radical (que tentou assassinar um homem o atirando contra um caminhÃ£o), disse que Ã© esse tipo de comportamento que ele espera de seus apoiadores."
2022-07-31 00:00:45+00:00,1553531070250893313,"@LulaOficial Puta que pariu, esse filho da puta, LADRÃƒO tÃ¡ curtindo com a cara do trabalhador.",lula," puta que pariu, esse filho da puta, ladrÃ£o tÃ¡ curtindo com a cara do trabalhador."
2022-07-31 00:00:44+00:00,1553531069898625027,"BrandÃ£o , CamarÃ£o,FlÃ¡vio Dino e Lula ğŸ’ªğŸ»  .
 O MaranhÃ£o nÃ£o pode parar â¤ï¸
#lulaeleitonoprimeiroturno",lula,"brandÃ£o , camarÃ£o,flÃ¡vio dino e lula ğŸ’ªğŸ»  . o maranhÃ£o nÃ£o pode parar â¤ï¸"
2022-07-31 00:00:44+00:00,1553531069202403328,"@RealPrixorM @decaa51 @DepEduardoCunha EntÃ£o cara, O Eduardo Cunha tambÃ©m jÃ¡ foi condenado e foi solto igual o Lula.
Dois ladrÃµes,e aÃ­?",lula,"   entÃ£o cara, o eduardo cunha tambÃ©m jÃ¡ foi condenado e foi solto igual o lula.dois ladrÃµes,e aÃ­?"
2022-07-31 00:00:44+00:00,1553531069000998915,@jairbolsonaro Lula vem aÃ­!,lula, lula vem aÃ­!
2022-07-31 00:00:44+00:00,1553531068162215937,"@reinaldoazevedo Reinaldo pronto pra andar de mÃ£os dadas com Lula. Mel dels, como pude um dia ter assistido vocÃª na Veja TV? 

Olavo tinha razÃ£o ğŸ­âœ‚ï¸",lula," reinaldo pronto pra andar de mÃ£os dadas com lula. mel dels, como pude um dia ter assistido vocÃª na veja tv? olavo tinha razÃ£o ğŸ­âœ‚ï¸"
2022-07-31 00:00:44+00:00,1553531067826667520,@LuizianneLinsPT @LulaOficial @elmanofreitas @PTCearaOficial OlÃ¡ @LuizianneLinsPT conseguiu entregar a sacola de pano para @JanjaLula ? Curiosa para saber,lula,    olÃ¡  conseguiu entregar a sacola de pano para  ? curiosa para saber
2022-07-31 00:00:42+00:00,1553531058464952320,"@LulaOficial @elmanofreitaspt @CamiloSantanaCE @ricardostuckert Para de fazer eventos para sindicalistas... 

Encare o povo!!",lula,    para de fazer eventos para sindicalistas... encare o povo!!
2022-07-31 00:00:39+00:00,1553531048792887296,@StelaDias3 @JosePer64341466 @LulaOficial @dilmabr TÃ¡ comendo merda mesmo. Deve ser batedor de carteira.,lula,    tÃ¡ comendo merda mesmo. deve ser batedor de carteira.
2022-07-31 00:00:39+00:00,1553531048566444034,@DepEduardoCunha Cada dia fica mais fÃ¡cil votar no @LulaOficial,lula, cada dia fica mais fÃ¡cil votar no 
2022-07-31 00:00:38+00:00,1553531043478732805,@LulaOficial Quem paga seu jatinho?,lula, quem paga seu jatinho?
2022-07-31 00:00:38+00:00,1553531042220412941,"Lula em Fortaleza: esta eleiÃ§Ã£o Ã© a democracia contra o fascismo, o amor contra o Ã³dio https://t.co/srs81EhwTR",lula,"lula em fortaleza: esta eleiÃ§Ã£o Ã© a democracia contra o fascismo, o amor contra o Ã³dio "
2022-07-31 00:00:36+00:00,1553531035845009411,"@LulaOficial @CamiloSantanaCE @elmanofreitaspt @ricardostuckert Quando a foto Ã© cheia de efeitos especiais para disfarÃ§ar o vazio.
Ã‰ o povo contigo, ex-presidiÃ¡rio! https://t.co/sFgKtCrJ7A",lula,"    quando a foto Ã© cheia de efeitos especiais para disfarÃ§ar o vazio.Ã© o povo contigo, ex-presidiÃ¡rio! "
2022-07-31 00:00:36+00:00,1553531033273999362,@Anderso11565208 @TimeBonsonario @JailmaFabiana @LulaOficial @ricardostuckert VocÃª Ã© retarda** nÃ£o Ã© possÃ­vel:,lula,     vocÃª Ã© retarda** nÃ£o Ã© possÃ­vel:
2022-07-31 00:00:35+00:00,1553531031260733440,@LulaOficial Estou fora de ladroes,lula, estou fora de ladroes
2022-07-31 00:00:35+00:00,1553531031059324930,"@padilhando Teu Lula ex presidiÃ¡rio e teu partido PT de corrupto vÃ£o perder, vamos enterrar de vez a possibilidade do ex condenado e do partido das trevas de voltar a governar esse paÃ­s, eu tÃ´ na luta contra essa quadrilha propineira de querer voltar ao governo, temos que nos libertar.",lula," teu lula ex presidiÃ¡rio e teu partido pt de corrupto vÃ£o perder, vamos enterrar de vez a possibilidade do ex condenado e do partido das trevas de voltar a governar esse paÃ­s, eu tÃ´ na luta contra essa quadrilha propineira de querer voltar ao governo, temos que nos libertar."
2022-07-31 00:00:35+00:00,1553531030568591367,"@cirogomes Teria tirado atÃ© o Lula nÃ©, sÃ³ nÃ£o venceu atÃ© hoje porque nÃ£o se vendeu nem por uma BMW",lula," teria tirado atÃ© o lula nÃ©, sÃ³ nÃ£o venceu atÃ© hoje porque nÃ£o se vendeu nem por uma bmw"
2022-07-31 00:00:35+00:00,1553531028861583362,@guimaraes13PT @LulaOficial Ambiente fechado â€¦ controlado â€¦ em casa â€¦ enclausurado â€¦ na cadeia !!!,lula,  ambiente fechado â€¦ controlado â€¦ em casa â€¦ enclausurado â€¦ na cadeia !!!
2022-07-31 00:00:34+00:00,1553531026391146500,@ToniSmachado @LulaOficial Tomara . Votar em um ladrÃ£o nÃ£o .,lula,  tomara . votar em um ladrÃ£o nÃ£o .
2022-07-31 00:00:33+00:00,1553531023920693249,"@LulaOficial @ricardostuckert #VaiSerNoPrimeiroTurno, @LulaOficial.",lula,   
2022-07-31 00:00:33+00:00,1553531023325118465,"@marcofeliciano Texto muito bom
Conversa de Paulo Cursino, com Taxista, eleitor de Lula.
Vale dar uma espiada.
https://t.co/nAMdilfDnx https://t.co/GMpuQZGEdo",lula," texto muito bomconversa de paulo cursino, com taxista, eleitor de lula.vale dar uma espiada. "
2022-07-31 00:00:32+00:00,1553531016857403392,Ã‰ Lula Presidente ğŸŒŸâ¤ï¸,lula,Ã© lula presidente ğŸŒŸâ¤ï¸
2022-07-31 00:00:30+00:00,1553531009500585985,"@revistaoeste Coitado, manda o Lula ir Ã s ruas para ele
ver quem Ã© que leva surra!",lula," coitado, manda o lula ir Ã s ruas para elever quem Ã© que leva surra!"
2022-07-31 00:00:30+00:00,1553531009261797377,@LulaOficial @ricardostuckert Variola do Macaco come solto num evento desse,lula,  variola do macaco come solto num evento desse
2022-07-31 00:00:29+00:00,1553531004056440838,"@LulaOficial Vamos a URNA, contra a CorrupÃ§Ã£o e as atrocidades que vocÃª e seu PARTIDO Marxista Fizeram contra estÃ¡ NAÃ‡ÃƒO. NÃ£o podemos e nÃ£o permitiremos a volta da esquerda, Ã© hora dos BRASILEIROS aprenderem a viver sem a dependÃªncia do Estado, com Liberdade e sem Medo, de um infortÃºnio.. https://t.co/GtJOor3fvd",lula," vamos a urna, contra a corrupÃ§Ã£o e as atrocidades que vocÃª e seu partido marxista fizeram contra estÃ¡ naÃ§Ã£o. nÃ£o podemos e nÃ£o permitiremos a volta da esquerda, Ã© hora dos brasileiros aprenderem a viver sem a dependÃªncia do estado, com liberdade e sem medo, de um infortÃºnio.. "
2022-07-31 00:00:28+00:00,1553530999216242691,@olivio_dutra @LulaOficial @EdegarPretto @PedroRuasPsol Bem-vindo! ğŸ’ª,lula,    bem-vindo! ğŸ’ª
2022-07-31 00:00:25+00:00,1553530986977181698,@leonardokdc @BetoPalopoli @LulaOficial @ricardostuckert Vc e meliciano parceiro do LuladrÃ£o,lula,    vc e meliciano parceiro do luladrÃ£o
2022-07-31 00:00:25+00:00,1553530986675273732,"@LulaOficial @ricardostuckert De novo? TÃ¡ querendo ""arrumar"" outro triprex, outro sÃ­tio, quer voltar a cena do crime como disse o Alckmin kkkkk",lula,"  de novo? tÃ¡ querendo ""arrumar"" outro triprex, outro sÃ­tio, quer voltar a cena do crime como disse o alckmin kkkkk"
2022-07-31 00:00:24+00:00,1553530983428784129,@SamPancher @marcosmunizmelo O eleitor de Lula e de Bolsonaro nÃ£o estÃ£o nem aÃ­ e nÃ£o se sentem desrespeitados.,lula,  o eleitor de lula e de bolsonaro nÃ£o estÃ£o nem aÃ­ e nÃ£o se sentem desrespeitados.
2022-07-31 00:00:24+00:00,1553530982128652290,"@ledacoelho4 @ricardostuckert @LulaOficial @elmanofreitaspt Ja virou padrÃ£o. 
Desta vez tem pessoas com estaturas desproporcionais ğŸ¤¡ 

Todo mundo acredita na veracidade do sucesso desta campanha. 

Exceto o prÃ³prio Mula",lula,    ja virou padrÃ£o. desta vez tem pessoas com estaturas desproporcionais ğŸ¤¡ todo mundo acredita na veracidade do sucesso desta campanha. exceto o prÃ³prio mula
2022-07-31 00:00:22+00:00,1553530976789200897,@LulaOficial Sim muita ousadia pra roubarâ€¦ sÃ³ achou que ninguÃ©m ia ver? Explica aÃ­ como se faz issoâ€¦.,lula, sim muita ousadia pra roubarâ€¦ sÃ³ achou que ninguÃ©m ia ver? explica aÃ­ como se faz issoâ€¦.
2022-07-31 00:00:22+00:00,1553530976034295808,@reinaldoazevedo LULA PRESIDENTE E HADDAD GOVERNADOR PELA GLÃ“RIA E HONRA DO NOSSO SENHOR JESUS CRISTO ğŸ™ğŸ™ğŸ™ğŸ™ğŸ™ğŸ™ğŸ™ğŸ™âœ¨ğŸ’«â­ğŸŒŸğŸ˜â¤ï¸,lula, lula presidente e haddad governador pela glÃ³ria e honra do nosso senhor jesus cristo ğŸ™ğŸ™ğŸ™ğŸ™ğŸ™ğŸ™ğŸ™ğŸ™âœ¨ğŸ’«â­ğŸŒŸğŸ˜â¤ï¸
2022-07-31 00:00:20+00:00,1553530967503036416,@gleisi @LulaOficial @CamiloSantanaCE @elmanofreitaspt Todos os gÃªmeos foram chamados !!!!,lula,    todos os gÃªmeos foram chamados !!!!
2022-07-31 00:00:20+00:00,1553530967465369601,@B_Bop_A_Lula @BCLions no more like (Which I suppose is kind of a hold lol) https://t.co/80KkKMXU8w,lula,  no more like (which i suppose is kind of a hold lol) 
2022-07-31 00:00:49+00:00,1553531090538725376,@CiroGomezL @DavidPramo2 les duele verdad ql3r0s?,ciro,  les duele verdad ql3r0s?
2022-07-31 00:00:41+00:00,1553531056686514176,"@LucasWestfal E eu que pensava que Luiz era LuÃ­s, iria copiar errado pelo amor Ã  lÃ­ngua pÃ¡tria. Por isso voto em Ciro, nÃ£o tem erro.",ciro," e eu que pensava que luiz era luÃ­s, iria copiar errado pelo amor Ã  lÃ­ngua pÃ¡tria. por isso voto em ciro, nÃ£o tem erro."
2022-07-31 00:00:39+00:00,1553531048637743106,"@diegobittenca @pombo_miope Entra no Instagram dele e vÃª o impulsionamento dele em alguns vÃ­deos. Para um ser que era desconhecido, jÃ¡ estÃ¡ alto. 

2.3mi de seguidores Ã© algo considerÃ¡vel tambÃ©m. Ã‰ o dobro de seguidores de Ciro Gomes, por exemplo.",ciro,"  entra no instagram dele e vÃª o impulsionamento dele em alguns vÃ­deos. para um ser que era desconhecido, jÃ¡ estÃ¡ alto. 2.3mi de seguidores Ã© algo considerÃ¡vel tambÃ©m. Ã© o dobro de seguidores de ciro gomes, por exemplo."
2022-07-31 00:00:35+00:00,1553531030627295233,Ciro se fue a dormir una siestita a las 20hs ajjaja,ciro,ciro se fue a dormir una siestita a las 20hs ajjaja
2022-07-31 00:00:11+00:00,1553530929263558669,DÃ¡ -lhe Ciro. https://t.co/N2Qv6s4akb,ciro,dÃ¡ -lhe ciro. 
2022-07-31 00:00:03+00:00,1553530895478423552,"Focus.jor: Ciro Nogueira e Arthur Lira omitem Bolsonaro em campanhas de aliados locais.
ğŸ˜‚A debandada
https://t.co/JkAkNFOK9p

via @GoogleNews",ciro,focus.jor: ciro nogueira e arthur lira omitem bolsonaro em campanhas de aliados locais.ğŸ˜‚a debandada 
2022-07-30 23:59:52+00:00,1553530850343534592,@Srgio45860350 @filipebarrost Desmascarou tanto que hj esta com Ciro Nogueira e os mensaleiros Valdemar Costa Neto e Roberto Jefferson.,ciro,  desmascarou tanto que hj esta com ciro nogueira e os mensaleiros valdemar costa neto e roberto jefferson.
2022-07-30 23:59:51+00:00,1553530847747268611,"@believeinrio_ @higorsccp13 @mikeinha @choquei @CentralEleicoes Amei, Ciro Ã© muito craquelado",ciro,"     amei, ciro Ã© muito craquelado"
2022-07-30 23:59:44+00:00,1553530817904787458,@heliojaques @desmentindobozo @ciro_nogueira Pq tÃ¡ ganhando dinheiro com isso,ciro,   pq tÃ¡ ganhando dinheiro com isso
2022-07-30 23:59:33+00:00,1553530772128206850,@Racinguista1903 ni Ciro cavs vio ese partido,ciro, ni ciro cavs vio ese partido
2022-07-30 23:59:31+00:00,1553530761873166337,"@squarryspirit @rafaelbboa @kimpaim Cara, vc fez este comentÃ¡rio como bait ou tem algum transtorno cognitivo?

O sujeito em questÃ£o declara apoio ao CIRO GOMES? CIRO? Vc fumou o q? rs

Ã‰ cada um viu...o twitter Ã© Ãºnico kk. Cada ser vivo q habita aqui...",ciro,"   cara, vc fez este comentÃ¡rio como bait ou tem algum transtorno cognitivo?o sujeito em questÃ£o declara apoio ao ciro gomes? ciro? vc fumou o q? rsÃ© cada um viu...o twitter Ã© Ãºnico kk. cada ser vivo q habita aqui..."
2022-07-30 23:59:25+00:00,1553530737508376578,@CentralEleicoes Ã‰ com esse tipo de nÃºmero aÃ­ que os ciristas de vez em quando vem com uma de que o Ciro Gomes tem potencial de voto de 35% ou coisa do tipo,ciro, Ã© com esse tipo de nÃºmero aÃ­ que os ciristas de vez em quando vem com uma de que o ciro gomes tem potencial de voto de 35% ou coisa do tipo
2022-07-30 23:59:25+00:00,1553530737445507072,@cirogomes Ã‰ mesmo? Hoje o Ciro Nogueira foi no teu comitÃª fazer visita ou sei lÃ¡ o que. VocÃª perdeu o rumo camarada!,ciro, Ã© mesmo? hoje o ciro nogueira foi no teu comitÃª fazer visita ou sei lÃ¡ o que. vocÃª perdeu o rumo camarada!
2022-07-30 23:59:22+00:00,1553530723486912513,"sou apartidÃ¡rio, meu candidato Ã© Ciro. Mas Respeito muito Bolsonaro e Tebet. SÃ³ que dessa vez quem acertou foi Lula. parabÃ©ns, Lula.
 humildade sempre. https://t.co/BO9yDHe2CZ",ciro,"sou apartidÃ¡rio, meu candidato Ã© ciro. mas respeito muito bolsonaro e tebet. sÃ³ que dessa vez quem acertou foi lula. parabÃ©ns, lula. humildade sempre. "
2022-07-30 23:59:16+00:00,1553530700371992577,@desmentindobozo @ciro_nogueira @BaixadorDeVideo,ciro,  
2022-07-30 23:59:13+00:00,1553530685096284160,"Para os(as) amigos(as) PETISTAS eu digo:

DEIXA DE SER BOLSONARISTA e vota no Ciro. Se em 2018 jÃ¡ era assim, agora ta pior. Se ligue.

Votar no PT no primeiro turno Ã© reeleger o Bolsonaro. Depois nÃ£o vem querer mudar meu voto nulo se vocÃª nÃ£o dÃ¡ chance para a Paz.
#CiroOuNulo",ciro,"para os(as) amigos(as) petistas eu digo:deixa de ser bolsonarista e vota no ciro. se em 2018 jÃ¡ era assim, agora ta pior. se ligue.votar no pt no primeiro turno Ã© reeleger o bolsonaro. depois nÃ£o vem querer mudar meu voto nulo se vocÃª nÃ£o dÃ¡ chance para a paz."
2022-07-30 23:58:55+00:00,1553530612795035648,"@edson_seninha @APrimeiraVia O Ciro nÃ£o Ã© corrupto, o Loola sim. E nÃ£o foi inocentado, todos sabemos disso.",ciro,"  o ciro nÃ£o Ã© corrupto, o loola sim. e nÃ£o foi inocentado, todos sabemos disso."
2022-07-30 23:58:52+00:00,1553530597489999872,"Ciro Nogueira Ã© vaiado em convenÃ§Ã£o do PDT no PiauÃ­: â€œFora bolsonarista, fora Bolsonaro!"" (vÃ­deo) https://t.co/nb6QLN3QuH",ciro,"ciro nogueira Ã© vaiado em convenÃ§Ã£o do pdt no piauÃ­: â€œfora bolsonarista, fora bolsonaro!"" (vÃ­deo) "
2022-07-30 23:58:50+00:00,1553530588447096833,"@tricolor277 @GiuGomes @maressah @Brunobam @CentralEleicoes Sim, todos os paÃ­ses tem projetos. SÃ³ no Brasil que existe briga de poder e o Brasil nÃ£o estÃ¡ preparado pra palavra do Ciro. Kkk quanta sÃ­ndrome de vira-lata e ressentimento numa campanha sÃ³!",ciro,"     sim, todos os paÃ­ses tem projetos. sÃ³ no brasil que existe briga de poder e o brasil nÃ£o estÃ¡ preparado pra palavra do ciro. kkk quanta sÃ­ndrome de vira-lata e ressentimento numa campanha sÃ³!"
2022-07-30 23:58:42+00:00,1553530556431974402,"@gionog12 @cirogomes Lula tem um projeto bom, Ã© sÃ³ ver a sabatina dele no UOL. AlÃ©m disso sabe que polÃ­tica e construÃ­da com outras pessoas, nÃ£o e o que Ciro estÃ¡ fazendo esse ano.",ciro,"  lula tem um projeto bom, Ã© sÃ³ ver a sabatina dele no uol. alÃ©m disso sabe que polÃ­tica e construÃ­da com outras pessoas, nÃ£o e o que ciro estÃ¡ fazendo esse ano."
2022-07-30 23:58:40+00:00,1553530549616234501,"@Lianajrs @kmendoncafilho o medo de mais um governo bozo, ruim, ajuda qualquer candidato de oposicao a ele, a escolha por lula e nao por outros, como tebet e ciro independe disso. Qualquer um enfrentara oposicao no congresso, em qualquer epoca ...",ciro,"  o medo de mais um governo bozo, ruim, ajuda qualquer candidato de oposicao a ele, a escolha por lula e nao por outros, como tebet e ciro independe disso. qualquer um enfrentara oposicao no congresso, em qualquer epoca ..."
2022-07-30 23:58:30+00:00,1553530504338612226,"GP1: Ciro Nogueira esconde Bolsonaro em campanhas de aliados, diz EstadÃ£o.ğŸ˜‚Barca furada 
https://t.co/9MqrHOe07E

via @GoogleNews",ciro,"gp1: ciro nogueira esconde bolsonaro em campanhas de aliados, diz estadÃ£o.ğŸ˜‚barca furada  "
2022-07-30 23:58:26+00:00,1553530490493321216,@diogomainardi Quem Ã© Ciro Gomes?,ciro, quem Ã© ciro gomes?
2022-07-30 23:58:23+00:00,1553530476140412929,@GBonomi_SP Voto no Ciro pra tirar os dois desastres. #NemLulaNemBolsonaro,ciro, voto no ciro pra tirar os dois desastres. 
2022-07-30 23:58:14+00:00,1553530438458769408,@wani97xx @marivalentimdf Acontece. Em 2018 quando trocaram o nome do Lula pelo Haddad mts votos do Lula foram para o Bozo e uns para o Ciro. Brasileiro nao tem esse negocio de ideologia igual a gente aqui da bolha kkkkkkkk,ciro,  acontece. em 2018 quando trocaram o nome do lula pelo haddad mts votos do lula foram para o bozo e uns para o ciro. brasileiro nao tem esse negocio de ideologia igual a gente aqui da bolha kkkkkkkk
2022-07-30 23:58:14+00:00,1553530438349733889,"""Saaaaiiiii, Sai da frente. TÃ´ com Boeira e com Ciro Presidente!""
Hoje tivemos a ConvenÃ§Ã£o do PDT de SC, que ratificou as candidaturas de Jorge Boeira e Dalmo ao Governo do Estado, Hilda ao Senado, com Ciro Gomes Ã  PresidÃªncia da RepÃºblica! Aqui Ã© 12 do inÃ­cio ao fim!!! âœŠğŸŒ¹ https://t.co/BOmpfNVpWU",ciro,"""saaaaiiiii, sai da frente. tÃ´ com boeira e com ciro presidente!""hoje tivemos a convenÃ§Ã£o do pdt de sc, que ratificou as candidaturas de jorge boeira e dalmo ao governo do estado, hilda ao senado, com ciro gomes Ã  presidÃªncia da repÃºblica! aqui Ã© 12 do inÃ­cio ao fim!!! âœŠğŸŒ¹ "
2022-07-30 23:58:12+00:00,1553530432431554560,@desmentindobozo @ciro_nogueira VocÃª viu o cabeÃ§Ã£o por aÃ­?,ciro,  vocÃª viu o cabeÃ§Ã£o por aÃ­?
2022-07-30 23:58:08+00:00,1553530415020797953,@andre_serret SÃ³ agora abri o Twitter. Ciro chegou em BH as 18h.,ciro, sÃ³ agora abri o twitter. ciro chegou em bh as 18h.
2022-07-30 23:58:08+00:00,1553530412147802113,@PastorSamoel NÃ£o Ã© nÃ£o...Ciro!,ciro, nÃ£o Ã© nÃ£o...ciro!
2022-07-30 23:58:07+00:00,1553530407567638529,Ciro Nogueira bem recebido no seu prÃ³prio PiauÃ­...veja... https://t.co/hn5KiOwLlM,ciro,ciro nogueira bem recebido no seu prÃ³prio piauÃ­...veja... 
2022-07-30 23:58:04+00:00,1553530398025596929,"@cristianostark Verdade! 
Durante mais de 100 anos foi administrado pela direita , o mesmo grupo do Ciro Nogueira. Concertar o estrago feito por eles leva tempo.",ciro," verdade! durante mais de 100 anos foi administrado pela direita , o mesmo grupo do ciro nogueira. concertar o estrago feito por eles leva tempo."
2022-07-30 23:58:03+00:00,1553530393135284225,Quem trabalha ganha mais quem especula ganha menos! Ã‰ uma das coisas q Ciro quer dizer quando fala em mudar o modelo econÃ´mico! Chega de rico ficar vivendo de juros enquanto o povo vive na misÃ©ria https://t.co/Ap2vYgJGkP,ciro,quem trabalha ganha mais quem especula ganha menos! Ã© uma das coisas q ciro quer dizer quando fala em mudar o modelo econÃ´mico! chega de rico ficar vivendo de juros enquanto o povo vive na misÃ©ria 
2022-07-30 23:57:56+00:00,1553530361635901441,"Metro1: LÃ­deres do CentrÃ£o, Ciro Nogueira e Arthur Lira escondem Bolsonaro em campanhas politicas -ğŸ˜‚A debandada dos ratos.
https://t.co/TzGvbNR2Y4

via @GoogleNews",ciro,"metro1: lÃ­deres do centrÃ£o, ciro nogueira e arthur lira escondem bolsonaro em campanhas politicas -ğŸ˜‚a debandada dos ratos. "
2022-07-30 23:57:53+00:00,1553530350697062401,@LuizLeitao59 Vou de Ciro.,ciro, vou de ciro.
2022-07-30 23:57:51+00:00,1553530344091140096,@concurseiraant @xicolucas @ciro_nogueira @jairbolsonaro @silviomendespi E quem estavam lÃ¡ juntos nesses 20 anos atrasando o PiauÃ­? Era a Xuxa e a AngÃ©lica? Inocente. TÃ¡ perdendo tempo.  ğŸ¤­ğŸ¤­ğŸ¤­,ciro,     e quem estavam lÃ¡ juntos nesses 20 anos atrasando o piauÃ­? era a xuxa e a angÃ©lica? inocente. tÃ¡ perdendo tempo.  ğŸ¤­ğŸ¤­ğŸ¤­
2022-07-30 23:57:44+00:00,1553530313086849052,@desmentindobozo @GynMiguel @ciro_nogueira Esse Ã© o senador Ciro que estarÃ¡ conosco no prÃ³ximo mandato do presidente Lula.,ciro,   esse Ã© o senador ciro que estarÃ¡ conosco no prÃ³ximo mandato do presidente lula.
2022-07-30 23:57:21+00:00,1553530215929974784,"@DraDorea @ronvilella @rosangelamorosp AÃ­ que vocÃª se engana kkk, quem Ã© PT sempre serÃ¡ e nunca irÃ¡ mudar mas quem estÃ¡ indeciso por exemplo vota no Ciro provavelmente vai votar nessas pessoas aÃ­ como o moro",ciro,"   aÃ­ que vocÃª se engana kkk, quem Ã© pt sempre serÃ¡ e nunca irÃ¡ mudar mas quem estÃ¡ indeciso por exemplo vota no ciro provavelmente vai votar nessas pessoas aÃ­ como o moro"
2022-07-30 23:57:00+00:00,1553530129770479616,"Quem tiver sofrendo:
cura hetero, perseguiÃ§Ãµes de fantasmas comunistas, nome no spc (jÃ¡ que ciro falhou), libertaÃ§Ã£o de consciÃªncia de classe, shibari sentimental etc.
- ligue jÃ¡. rs https://t.co/lvgTKkJ8dD",ciro,"quem tiver sofrendo:cura hetero, perseguiÃ§Ãµes de fantasmas comunistas, nome no spc (jÃ¡ que ciro falhou), libertaÃ§Ã£o de consciÃªncia de classe, shibari sentimental etc.- ligue jÃ¡. rs "
2022-07-30 23:56:57+00:00,1553530117640560640,"@cuevasjimmy123 @_VicenteSerrano @CiroGomezL Pues veremos...

Tal vez si gana cierto compaÃ±ero diputado...",ciro,   pues veremos...tal vez si gana cierto compaÃ±ero diputado...
2022-07-30 23:56:54+00:00,1553530104726315008,"""Ciro Gomes afirmou em evento na Universidade de BrasÃ­lia que Lula â€œÃ© um grande corrupto e um grande corruptor da vida brasileiraâ€. Em discurso para membros da comunidade cientÃ­fica, o prÃ©-candidato do PDT Ã  PresidÃªncia citou o â€œgabinete do Ã³dioâ€ petista.â€œ https://t.co/Fmb7A0lmKM",ciro,"""ciro gomes afirmou em evento na universidade de brasÃ­lia que lula â€œÃ© um grande corrupto e um grande corruptor da vida brasileiraâ€. em discurso para membros da comunidade cientÃ­fica, o prÃ©-candidato do pdt Ã  presidÃªncia citou o â€œgabinete do Ã³dioâ€ petista.â€œ "
2022-07-30 23:56:51+00:00,1553530092827148289,la historia q subiÃ³ ciro https://t.co/tRzhKZWlJf,ciro,la historia q subiÃ³ ciro 
2022-07-30 23:56:39+00:00,1553530041610420224,"@dep_padrejoao Voto no Ciro mas sem Ciro meu voto iria para outro q nÃ£o fosse Lula ou bolsonaro!
#PrefiroCiro",ciro, voto no ciro mas sem ciro meu voto iria para outro q nÃ£o fosse lula ou bolsonaro!
2022-07-30 23:56:37+00:00,1553530030008983555,"@gersonnogueira O Ciro vai conseguir sair menor que entrou. Eu ia votar nele no primeiro turno. Depois de ver essa estratÃ©gia ridÃ­cula dele, perdeu meu voto.",ciro," o ciro vai conseguir sair menor que entrou. eu ia votar nele no primeiro turno. depois de ver essa estratÃ©gia ridÃ­cula dele, perdeu meu voto."
2022-07-30 23:56:34+00:00,1553530018810269696,@ciro_nogueira seu mentiroso https://t.co/T0fwPsl8k0,ciro, seu mentiroso 
2022-07-30 23:56:10+00:00,1553529918776086528,@revistaoeste O Ciro e muito bi polar,ciro, o ciro e muito bi polar
2022-07-30 23:56:04+00:00,1553529892079271936,"@reinaldoazevedo Que time, embora ZÃ© Dirceu tambÃ©m estÃ¡ comendo pelas beiradas e com certeza farÃ¡ parte do governo. Melhor ir de Ciro mesmo!",ciro," que time, embora zÃ© dirceu tambÃ©m estÃ¡ comendo pelas beiradas e com certeza farÃ¡ parte do governo. melhor ir de ciro mesmo!"
2022-07-30 23:55:54+00:00,1553529852850049024,A propaganda do Ciro no YouTube ğŸ˜‚,ciro,a propaganda do ciro no youtube ğŸ˜‚
2022-07-30 23:55:46+00:00,1553529820218359809,"Ciro Nogueira Ã© vaiado em convenÃ§Ã£o do PDT no PiauÃ­: â€œFora bolsonarista, fora Bolsonaro!"" (vÃ­deo) https://t.co/ovpmPxHc4W",ciro,"ciro nogueira Ã© vaiado em convenÃ§Ã£o do pdt no piauÃ­: â€œfora bolsonarista, fora bolsonaro!"" (vÃ­deo) "
2022-07-30 23:55:45+00:00,1553529814581116929,Ciro: â€œGabinete de Ã³dio do PT Ã© um dos mais execrÃ¡veis do Brasilâ€ â€“ NewsÂ Brazil https://t.co/KR32YdWEXE,ciro,ciro: â€œgabinete de Ã³dio do pt Ã© um dos mais execrÃ¡veis do brasilâ€ â€“ newsÂ brazil 
2022-07-30 23:55:45+00:00,1553529813113217025,"@antonp1287 El Ciro Iorio no existe, el Ciro Iorio (?",ciro," el ciro iorio no existe, el ciro iorio (?"
2022-07-30 23:55:21+00:00,1553529715255803906,"Vira vice do Ciro, monta uma casa e vai morar com ele. https://t.co/rJRCJAMIkB",ciro,"vira vice do ciro, monta uma casa e vai morar com ele. "
