data-hora,id,conteudo,candidato
2022-07-30 23:36:52+00:00,1553525061872746496,@UOLNoticias @LulaOficial Todos t√©cnico em roubalheira do PT!,bolsonaro
2022-07-30 23:36:50+00:00,1553525054947876866,"@LulaOficial Pena que depois meteu a m√£o no bolso e no dinheiro do povo‚Ä¶

‚Ä¶estava indo t√£o bem.",bolsonaro
2022-07-30 23:36:50+00:00,1553525054088019968,"@LulaOficial E voc√™ Lula,  precisa de cadeia !!!",bolsonaro
2022-07-30 23:36:50+00:00,1553525051676295168,"@rosangelamorosp Contra o Lula, contra o PT, contra o Lula kkkk Mas n√£o citou o Bolsonero.",bolsonaro
2022-07-30 23:36:49+00:00,1553525047825993728,@ThiagoResiste @LulaOficial @ricardostuckert √â LULA PRESIDENTE,bolsonaro
2022-07-30 23:36:45+00:00,1553525031229063168,"@LulaOficial @dilmabr Conta outra piada, conta a do Palocci ou a da Petrobr√°s. Voc√™ al√©m de mentiroso √© imoral.",bolsonaro
2022-07-30 23:36:45+00:00,1553525030897737728,@ptbrasil @LulaOficial Doutor em qu√™? Voc√™ est√° fora da realidade do mundo.,bolsonaro
2022-07-30 23:36:44+00:00,1553525028209172480,@jairbolsonaro Lula Presidente ! #lulaeleitonoprimeiroturno,bolsonaro
2022-07-30 23:36:41+00:00,1553525017727696896,@LulaOficial https://t.co/vZRzZwTrxo,bolsonaro
2022-07-30 23:36:41+00:00,1553525015609475072,Nossa estrela vai brilhar no primeiro turno!‚≠êÔ∏è‚≠êÔ∏è‚≠êÔ∏è @LulaOficial rumo √† vit√≥ria em outubro! 1Ô∏è‚É£3Ô∏è‚É£‚≠êÔ∏è‚ù§Ô∏èüö©#lulaeleitonoprimeiroturno https://t.co/v7FOvp8b0d,bolsonaro
2022-07-30 23:36:40+00:00,1553525010387636225,@MarceloFreixo @LulaOficial @geraldoalckmin @cesarmaia Foraaaa!! https://t.co/3muiKlTQoN,bolsonaro
2022-07-30 23:36:39+00:00,1553525008034586625,Tr√™s eleirores do @LulaOficial se olhando üíö @GuilhermeBoulos https://t.co/4XJq70VDSA,bolsonaro
2022-07-30 23:36:39+00:00,1553525005622951936,@ThiagoResiste √â LULA PRESIDENTE,bolsonaro
2022-07-30 23:36:39+00:00,1553525005392166913,@jairbolsonaro Foi papai lula que fez,bolsonaro
2022-07-30 23:36:38+00:00,1553525003563450370,"@LulaOficial Molusco de 9 dedos,tomara que voc√™ volte mesmo.
Mas para a cadeia.",bolsonaro
2022-07-30 23:36:38+00:00,1553525002791788546,@cartacapital Ciro o arenista a servi√ßo de Bolsonaro contra Lula!,bolsonaro
2022-07-30 23:36:36+00:00,1553524995384557577,"Uma amiga bolsonarista, hoje, me enviou via zap um RECORTE de v√≠deo de palestra do Lula na d√©cada de 80, na UNICAMP, em q ele confessaria ter ""um plano comunista"" p o Brasil. Azar dela que eu identifiquei na hora o v√≠deo pois leio e assisto de tudo e tenho mem√≥ria prodigiosa. 1/3",bolsonaro
2022-07-30 23:36:36+00:00,1553524994625388546,hj chegou uma homem la no meu trabalho e o celular dele tocou : EEI LULA EU VOU VOTAR EM TU eu automaticamente abri um sorris√£o (,bolsonaro
2022-07-30 23:36:36+00:00,1553524994596118537,"@Menino_maiki Agora mano, uma coisa √© certa, se o lula ganhar...
Eu tenho uma leve impress√£o que os argentinos vai perder a vontade de vir pra c√° e o motivo acho que n√£o preciso dizer",bolsonaro
2022-07-30 23:36:36+00:00,1553524994168291329,O Lindo Lula!,bolsonaro
2022-07-30 23:36:36+00:00,1553524994105286656,"Luciano Bivar o presidente da Uni√£o Brasil, tem negociado com o PT, e S√©rgio Moro afirma que jamais apoiaria Lula e Alckmin: ""PT e Lula de volta jamais"". 

Contra tudo e contra todos, algu√©m tem que avisar a Moro, que Lula n√£o precisa de seu apoio. https://t.co/YATMG5YFbc",bolsonaro
2022-07-30 23:36:36+00:00,1553524993581109248,@nonoinvestidor @LulaOficial @ricardostuckert Hahahahahhaha,bolsonaro
2022-07-30 23:36:36+00:00,1553524993270714368,"@flaviogordon Podem tentar,e v√£o ver com quantos pau se faz uma canoa..pra eles negarem teria que ter no m√≠nimo um bom motivo.o lula tem v√°rios motivos, inclusive √© ladr√£o e continua leg√≠vel.querem uma revolta popular √© s√≥ eles tentar esse golpe",bolsonaro
2022-07-30 23:36:35+00:00,1553524992075354113,"@tatifarah @monikalive E o Lula, pode ser??¬ø https://t.co/rRRn9tAlBm",bolsonaro
2022-07-30 23:36:34+00:00,1553524988254339079,@renancalheiros @LulaOficial https://t.co/bc1OAVWSTk,bolsonaro
2022-07-30 23:36:34+00:00,1553524987004428293,@g_vgouvea @augustodeAB @psb @LulaOficial Destruiu o pa√≠s em 4 mandatos e agora quer reconstruir?!,bolsonaro
2022-07-30 23:36:33+00:00,1553524982080217088,@LulaOficial @dilmabr Pode at√© ser isso mesmo mas n√£o rouba n√£o tem v√≠nculo com o PCC que nem voc√™ fedido,bolsonaro
2022-07-30 23:36:33+00:00,1553524980805259266,"@ananias_1979 @lucinha_ce Em 2018 todas as pesquisas indicavam que Ciro era o √∫nico que venceria Bolsonaro. O Lula mesmo na cadeia, n√£o o apoiou. O que falta eu entender?",bolsonaro
2022-07-30 23:36:33+00:00,1553524980624904192,@LulaOficial @dilmabr https://t.co/6JcJbhTdST,bolsonaro
2022-07-30 23:36:33+00:00,1553524980498964482,"Como assim, 25% dos eleitores de Bolsonaro votariam em Lula e 17% de Lula votariam em Bolsonaro???? Entendi nada, pensei que eram √°gua e √≥leo.",bolsonaro
2022-07-30 23:36:33+00:00,1553524980146737154,"@renancalheiros @LulaOficial Verme elogiando verde, sensacional",bolsonaro
2022-07-30 23:36:32+00:00,1553524976493465601,@renancalheiros @LulaOficial Lola ladr√£o,bolsonaro
2022-07-30 23:36:31+00:00,1553524974773846018,"üéµüé∂Lula l√°, brilha uma estrela Lula l√°, cresce a esperan√ßa Lula l√°, o Brasil crian√ßa.üéµNa alegria de se abra√ßar. üé∂Lula l√°, c sinceridade Lula l√°, c toda a certeza pra vc.üé∂ Meu 1¬∞ voto.Pra fazer brilhar nossa estrela. Lula l√°, √© a gente junto. Lula l√°, valeu a espera. üé∂üé∂üé∂üáßüá∑ https://t.co/cUxryzhKIN",bolsonaro
2022-07-30 23:36:31+00:00,1553524974589300741,@renancalheiros @LulaOficial E voc√™ √© oque? N√≥s ti conhecemos Renan. Aqui em S√£o Paulo voc√™ n√£o ganha nada. N√£o voto em voc√™ nem para monitor de escola. @jairbolsonaro olha esses caras kkk,bolsonaro
2022-07-30 23:36:31+00:00,1553524973309988864,"@LulaOficial Ainda bem que somos muitos para impedir que o criminoso condenado, suspeitos de associa√ß√£o com narcotr√°fico, m√≠dias e pol√≠ticos com crise de abstin√™ncia de dinheiro p√∫blico e seus c√∫mplices  tomem conta do Brasil.",bolsonaro
2022-07-30 23:36:31+00:00,1553524972244672515,@DeputadoFederal @LulaOficial J√° resolve os problemas da fal√™ncia fraudulenta dos postos de gasolina?,bolsonaro
2022-07-30 23:36:30+00:00,1553524970768277517,@LulaOficial Vc √© um mentiroso!!!,bolsonaro
2022-07-30 23:36:28+00:00,1553524962656403456,"@ricardojgomes @change_br Esse Manifesto est√° bombando, mas como diz a rep√≥rter Amanda Lula, n√£o tem valor porque √© assinada por pessoas simples com n√≥s O POVO üòÇ
Vamos assinar Pessoal!!!",bolsonaro
2022-07-30 23:36:28+00:00,1553524959879864320,"@NeoTupi @LulaOficial Se ele ganhar nem pix tu faz mais,nem celular vc vai ter kkkkkkkk ainda bem q n√£o ganha",bolsonaro
2022-07-30 23:36:27+00:00,1553524958004920322,@LulaOficial Calaboca Lula vc parece o doguinho pan√ßudo,bolsonaro
2022-07-30 23:36:27+00:00,1553524957358989313,@LulaOficial Que bosta. Os outros s√£o de vagabundos?,bolsonaro
2022-07-30 23:36:26+00:00,1553524953055633409,@DieguitoLima7 @soueuAlan_ @ValterJunior913 @LulaOficial @ricardostuckert como se bolsonaro fosse visitar pov√£o. o cara n√£o sai da bolha.,bolsonaro
2022-07-30 23:36:26+00:00,1553524951965106178,@senadorhumberto O do lula n√£o n√©??? ü§£ü§£ü§£ü§£ü§£ü§£ü§£ü§£ü§£ü§£ü§£ü§£ü§£ü§£ü§£ü§£ü§£ü§£ü§£ü§£ü§£ü§£ü§£ü§£ü§£ü§£ü§£ü§£ü§£ü§£ü§£ü§£ü§£ü§£ü§£ü§£ü§£ü§£ü§£ü§£,bolsonaro
2022-07-30 23:36:25+00:00,1553524950434291712,"@ze_carlospt N√£o usarei em raz√£o de todas as falcatruas da CBF. E, adianto, que s√≥ torcerei pelo Brasil caso Lula seja eleito!",bolsonaro
2022-07-30 23:36:23+00:00,1553524941940822016,"@LulaOficial @dilmabr O senhor e o PT s√£o especializados em mentir e desviar $$$, n√£o as √°guas do rio... 

Obrigada Bolsonaro por entregar essa obra, o pix, pagar sal√°rios na pandemia para evitar demiss√µes, reduzir o desemprego, aux√≠lio Brasil de $600, reduzir homic√≠dios...
#CapitaoNoPrimeiroTurno",bolsonaro
2022-07-30 23:36:23+00:00,1553524938413428737,"@marcofeliciano Cita em lula que n√£o aguenta mais evang√©licos e os pol√≠ticos safados roubando, com or√ßamento SECRETO https://t.co/4TEOAdkovf",bolsonaro
2022-07-30 23:36:22+00:00,1553524934202253320,"@LulaOficial Na Assembl√©ia do Sindicato, FORA BOLSONARO, N√ÉO DEU CERTO..üëçüëçüëçüòÅüòÅ https://t.co/di2qDk86ly",bolsonaro
2022-07-30 23:36:21+00:00,1553524931673178117,@VitorDasMitadas @MuskDontBanMe @lavagiro Vai pedir lula livre na net mano,bolsonaro
2022-07-30 23:36:20+00:00,1553524928183508993,@geraldoalckmin @LulaOficial @PSBNacional40 @ptbrasil @csiqueirapsb Falso! D√° asco olhar tanta podrid√£o!,bolsonaro
2022-07-30 23:36:19+00:00,1553524924676972544,"Chapas fort√≠ssimas de esquerda no RS, SP e RJ. Podemos at√© n√£o levar no RS e RJ, mas garantir√° a vit√≥ria do Lula no primeiro turno üôèüèªüëèüèª #Lula13 CONFIRMA",bolsonaro
2022-07-30 23:36:16+00:00,1553524911116795904,At√© a logomarca √© vermelha; Come√ßa com L de Lula. √â s√≥ apertar 13 e Confirmar!!! https://t.co/RSSeywYCx2,bolsonaro
2022-07-31 00:00:57+00:00,1553531121018732544,NA FRENTE DE BOLSONARO! O Presidente foi SURPREENDlD0 AGORA e ACABOU DE ... https://t.co/BF7ufJ5FnO via @YouTube,bolsonaro
2022-07-31 00:00:55+00:00,1553531114819551237,"@cartacapital Se as forcas armadas participarem desse ato ficar√£o totalmente DESMORALIZADAS, j√° j√° causa repulsa na maioria da popula√ß√£o ir√£o ficar repugnantes fardados, espero que eles queiram melhorar a imagem dessa farda e entrarem no chiqueiro do Bolsonaro.",bolsonaro
2022-07-31 00:00:55+00:00,1553531114257620993,Esse super Man √© do caralho msm hahahaüáßüá∑üáßüá∑üáßüá∑ @marcoa_costa #BolsonaroNoPrimeiroTurno #BolsonaroReeleitoEm2022 #BolsonaroReeleito2022 @jairbolsonaro @JoaquinTeixeira @JovemPanNews https://t.co/3gU0VbHt2p,bolsonaro
2022-07-31 00:00:54+00:00,1553531110461685766,@OGloboPolitica Bolsonaro  mais 6 mil militares que trabalham em seu governo e seus familiares e amigos encher√£o √†s ruas.,bolsonaro
2022-07-31 00:00:54+00:00,1553531109299953664,"@BolsonaroSP @tarcisiogdf @jairbolsonaro Os crist√£o q nunca foram pra igreja.
Algu√©m j√° viu algum dos Bolsonaro em alguma igreja?",bolsonaro
2022-07-31 00:00:52+00:00,1553531102224064512,@CarlaZambelli38 @jairbolsonaro üíöüíõüáßüá∑ t√° feito 22 neles ‚úçÔ∏è Luci Ribeiro-Joao Pessoa PB üîä VOTEI E TORNAREI A VOTA üáßüá∑#primeiroturno‚úçÔ∏è https://t.co/0qLkSFnq4F,bolsonaro
2022-07-31 00:00:52+00:00,1553531102052089857,"@MartinHolistica @ArthurLira_ Antes de publicar MENTIRAS, devia se informar: o PR Bolsonaro, VETOU O OR√áAMENTO SECRETO, sabem quem derrubou O VETO DO OR√áAMENTO SECRETO no Congresso? - O PT! Isso mesmo! https://t.co/GuAIoXVfAs",bolsonaro
2022-07-31 00:00:52+00:00,1553531100877709313,"Preocupante, n√©, Jana√≠na, voc√™ agora entendeu que vai ser Bolsonaro no primeiro turno... https://t.co/QCi7NEpqVM",bolsonaro
2022-07-31 00:00:50+00:00,1553531094988890126,@MARCIOFONSECA77 @AriesBelo O BRASIL NAO VAI ESQUECER!!! üòé BOLSONARO √â GEN0CIDA LADR√ÉO CORRUPTO TUDO DE RUIM. https://t.co/COOMGjOe1P,bolsonaro
2022-07-31 00:00:48+00:00,1553531086566744064,"@PauloMartins10 @jairbolsonaro @ratinho_jr O que o Sr. Fez pelo Brasil,  nunca ser√° esquecido. A queda do imposto sindical foi um enorme passo para um pa√≠s melhor. Tmj.",bolsonaro
2022-07-31 00:00:48+00:00,1553531084503191552,@monark @MarcioN36492232 N√∫mero nas ruas n√£o vale a n√£o ser que seja a favor de Bolsonaro onde h√° multid√µes em todos os cantos do Brasil e a velha imprensa ignora. O resto vale at√© conven√ß√£o mundial de trig√™meos.,bolsonaro
2022-07-31 00:00:48+00:00,1553531083777626112,"@NeideValade Esse b√™bado n¬∫ 2 em import√¢ncia|( perde s√≥ pro pingu√ßo ladr√£o), as vzs fala verdade, outras se vira contra Bolsonaro...T√Å SEMPRE BEBA√áO...ESPERO QUE ELE SUMA DO CENARIO E LEVE DE CONTRAPESO O LULAR√ÅPIO...",bolsonaro
2022-07-31 00:00:47+00:00,1553531082200465410,"Bolsonaro diz que For√ßas Armadas v√£o desfilar 'ao lado do povo' no 7 de Setembro, estaremos  juntos https://t.co/44PiAf5obB #R7 via @portalr7",bolsonaro
2022-07-31 00:00:45+00:00,1553531074218958848,"Queria saber como o fachin o @LRobertoBarroso e o fux imaginam que v√£o tirar as digitais deles da degrada√ß√£o institucional a que colocaram o pa√≠s depois de claramente apoiarem o @SF_Moro e o mesmo apoiar, por exclus√£o, o bolsonaro agora.",bolsonaro
2022-07-31 00:00:44+00:00,1553531069000998915,@jairbolsonaro Lula vem a√≠!,bolsonaro
2022-07-31 00:00:44+00:00,1553531066983612416,N√ÉO SEI COMO EXPLICAR MAS BOLSONARO SEMPRE TEVE RAZ√ÉO NAS SUAS PREVIS√ïES https://t.co/3PTyXWehdJ,bolsonaro
2022-07-31 00:00:43+00:00,1553531062999040001,"Espero que se o senhor ganhar, vai apoiar o nosso amado presidente Bolsonaro, porque se for um mau deputado e ficar contra o povo, ser√° o seu fim na pol√≠tica. https://t.co/N7GqobEM8V",bolsonaro
2022-07-31 00:00:42+00:00,1553531060289503232,"@WhitlockJason Hello Jason. Watched your take with Glenn about family, religion... In Brazil, the war is alike. And President Bolsonaro's foundation is exactly what the left hates the most. He's moving millions wherever he goes..! Presidential election will be held in October...",bolsonaro
2022-07-31 00:00:42+00:00,1553531059958169604,"@marcofeliciano @jairbolsonaro Cuidado bozo,teus aliados querem te jogar numa furada,vc n√£o aguenta 3 perguntas q te fizerem q vc n√£o saiba responder,vai passar vergonha.",bolsonaro
2022-07-31 00:00:42+00:00,1553531058167205888,@jairbolsonaro Boa,bolsonaro
2022-07-31 00:00:41+00:00,1553531055155585024,@tarcisiogdf @jairbolsonaro Nao votaria neste sujeito.,bolsonaro
2022-07-31 00:00:41+00:00,1553531054144864257,"@Damadeferroofic Bolsonaro deu voz aos tolos, continuou elevando a autoestima dos idiotas, supervalorizou a estupidez, continua dando cargo aos imbecis e canalhas que continuam dilapidando o patrim√¥nio p√∫blico. E ainda acha que o defenda. Grandes mudan√ßas kkkkkkk",bolsonaro
2022-07-31 00:00:40+00:00,1553531052261605377,@Metropoles Transpar√™ncia ??? E esses sigilos @jairbolsonaro #jaircorrupto,bolsonaro
2022-07-31 00:00:38+00:00,1553531044711862279,@jairbolsonaro Show  Presidente Bolsonaro.  #BolsonaroReeleitoNoPrimeiroTurno,bolsonaro
2022-07-31 00:00:38+00:00,1553531041226391554,@alisson_drumond @carmelonetobr @jairbolsonaro MINTAGEM !!!al√©m disso est√° no cercado üòÇ,bolsonaro
2022-07-31 00:00:36+00:00,1553531036474171398,@DaniloBalas @jairbolsonaro @tarcisiogdf @republicanos10 https://t.co/4L4RJLBjyK,bolsonaro
2022-07-31 00:00:35+00:00,1553531030992191488,"@BodeEsquerda Bateu o desespero no ladr√£o, 
at√© a robozada √© Bolsonaro https://t.co/0uStZmScDd",bolsonaro
2022-07-31 00:00:33+00:00,1553531020124749824,"BNews: üòÇA debandada : Pr√©-candidatos evitam v√≠nculo com Bolsonaro em campanhas no Nordeste.
https://t.co/jz6DGgkJwo

via @GoogleNews",bolsonaro
2022-07-31 00:00:32+00:00,1553531017553739776,Eu voto üó≥ üó≥ bolsonaro https://t.co/le803cLClN,bolsonaro
2022-07-31 00:00:32+00:00,1553531015846629379,"Vc sabia? Bolsonaro e seus militares est√£o cada vez mais perdidos por causa da pandemia... 
 https://t.co/8JbudgrIpQ",bolsonaro
2022-07-31 00:00:31+00:00,1553531014999318531,"Vc sabia? Bolsonaro que nunca se manifestou a favor do uso de m√°scara ou pediu a popula√ß√£o para usar alcool gel, fala agora que a vacina n√£o ser√° obrigat√≥ria 
 https://t.co/A1BSvaylGB",bolsonaro
2022-07-31 00:00:31+00:00,1553531014542131201,"@sci_denzelmito A vida nos fez amigos
Mais o bolsonaro nos fez irm√£osü§ù",bolsonaro
2022-07-31 00:00:30+00:00,1553531010620575744,@JeffMoreiraJM10 @Eliezer13525486 @marcofeliciano @jairbolsonaro Se jesus apoiar esse tipo de crist√£o 2022 ...√© melhor ele n√£o voltar.... Pq t√° sendo conivente com tudo esse lixo que t√°i,bolsonaro
2022-07-31 00:00:30+00:00,1553531009999802369,"@reinaldoazevedo Esse ""biete √© em defesa da roubalheira"" institu√≠da pelo PT,  essa democracia que vcs pregam, destruiu o Brasil de todas as formas e pra corrigir e bolsonaro   ""o capit√£o do povo que vai vencer de novo"", aceita que n√£o tem jeito.. https://t.co/OzHd3vrgLR",bolsonaro
2022-07-31 00:00:29+00:00,1553531005788717073,"@reinaldoazevedo Q moral vc tem p/ falar s/ racismo se negou o crime qdo a v√≠tima era um iMundo aluno da USP s√≥ pq ele foi defendido pelo petista Frei Davi? 

Vc teve a cara d pau de desdizer o v√≠deo q postou. Lembra? Foi a√≠ q deixei de te seguir em tudo. Em 2012.üòî √ë tem nada a ver com Bolsonaro",bolsonaro
2022-07-31 00:00:29+00:00,1553531004828147714,"Amigos patriotas, estou come√ßando aqui no Red Bird e quero participar nessa corrente a favor do nosso capit√£o e Eterno Presidente Bolsonaro.",bolsonaro
2022-07-31 00:00:28+00:00,1553530999895621632,"@GilneiBrun Obrigada Gilnei por seguir meu perfil exclusivo de apoio a Bolsonaro.
Seguindo patriota.
#CapitaoNoPrimeiroTurno",bolsonaro
2022-07-31 00:00:28+00:00,1553530999648182272,Foi em Portugal m se fosse no Brasil ia dizer que era eleitor de @jairbolsonaro . #Esclarecendo que eu n√£o sou racista e acho horr√≠vel algu√©m ser . https://t.co/TL8ETdL7J7,bolsonaro
2022-07-31 00:00:28+00:00,1553530998947815425,@delegadoramagem @jairbolsonaro https://t.co/fblKOvDYlU,bolsonaro
2022-07-31 00:00:27+00:00,1553530995286183936,@LuizOrlandoFre1 @delegadoramagem @jairbolsonaro üëç,bolsonaro
2022-07-31 00:00:27+00:00,1553530994879234048,"Vc sabia? Ex-esposa de Bolsonaro, Rog√©ria Bolsonaro, m√£e dos tr√™s filhos mais velhos, Eduardo, Fl√°vio e Carlos, ainda quando era casada com Jair Bolsonaro e vereadora, comprou um im√≥vel avaliado em R$600 mil em dinheiro vivo 
 https://t.co/7HESQiixCa",bolsonaro
2022-07-31 00:00:26+00:00,1553530991511314432,"Vc sabia? Bolsonaro s√≥ age para retirar de Doria protagonismo no processo de vacina√ß√£o...  
 https://t.co/zX2PA6b6yC",bolsonaro
2022-07-31 00:00:26+00:00,1553530991507120128,"Vc sabia? Pedro Bial chamou Bolsonaro de ‚Äòdesgovernante‚Äô e ‚Äòac√©falo‚Äô 
 https://t.co/i3pWIG78CH",bolsonaro
2022-07-31 00:00:26+00:00,1553530991498731520,"Vc sabia? Deputado Arthur Lira (l√≠der do centr√£o) √© investigado por desvio milion√°rio de dinheiro entre 2001 e 2007. Esse √© o candidato do bolsonaro para presid√™ncia da c√¢mara dos deputados 
 https://t.co/KF3E3bl4Ii",bolsonaro
2022-07-31 00:00:25+00:00,1553530989560856576,"Bolsonaro lidera em todos os cen√°rios na corrida presidencial para 2022 https://t.co/9ZA8KE0C7h

#CapitaoNoPrimeiroTurno",bolsonaro
2022-07-31 00:00:25+00:00,1553530989233717248,"@jairbolsonaro Mesmo diante de uma crise mundial, e com um bando de vagabundos puxando o Brasil para baixo, centenas de obras finalizadas!",bolsonaro
2022-07-31 00:00:25+00:00,1553530989024092161,Ser√° mesmo que Fortaleza est√° mostrando colabora√ß√£o da BIG China? A internet j√° √©? Por√©m a vossa excel√™ncia o Presidente Jair Bolsonaro est√° mostrando colabora√ß√£o da BIG ordem nacional. Quem levar√° essa?,bolsonaro
2022-07-31 00:00:24+00:00,1553530984313896963,"@mfriasoficial Certo... se o Bolsonaro receber elogios de 150 mulheres, podem ser at√© do governo, eu mudo o meu voto.",bolsonaro
2022-07-31 00:00:24+00:00,1553530983567265794,"‚ÄúA melhor e mais recente resposta ao presidente Jair Bolsonaro e ao seu projeto golpista na hip√≥tese de ele perder a reelei√ß√£o tem uma s√≥ palavra: basta‚Äù

Leia a coluna de Antonio Carlos Prado:

https://t.co/1YSNSFwoWu",bolsonaro
2022-07-31 00:00:24+00:00,1553530983428784129,@SamPancher @marcosmunizmelo O eleitor de Lula e de Bolsonaro n√£o est√£o nem a√≠ e n√£o se sentem desrespeitados.,bolsonaro
2022-07-31 00:00:23+00:00,1553530980060864513,@maxbmc E o or√ßamento secreto?e cart√£o corporativo estourado com o que?E o dinheiro p√∫blico usado pra passear de moto ou jetski?Porque Queiroz tava escondido na casa do advogado dos Bolsonaros?E os 89 mil na conta da primeira dama?e Bolsonaro confessando que tinha funcion√°ria fantasma?,bolsonaro
2022-07-31 00:00:57+00:00,1553531121811574785,Luciano Bivar nega que desistir√° de candidatura para apoiar Lula - https://t.co/DCWJ0XkSZi,lula
2022-07-31 00:00:56+00:00,1553531119303380994,"@Fernando3FF @DeputadoFederal @LulaOficial Um bando de analfabetos falando em bibliotecas...
S√≥ rindo!! https://t.co/mIdrYOWvHl",lula
2022-07-31 00:00:56+00:00,1553531117449449481,"@LulaOficial O bem contra o mal, e o bem vencer√°!!",lula
2022-07-31 00:00:56+00:00,1553531116652564483,@o_antagonista Hahaha! Um dos maiores cabos eleitorais do Lula,lula
2022-07-31 00:00:55+00:00,1553531115394170882,"@Noel_MORO2022 Justo!
N√£o soltaram o Lula? Deixa agora passar a boiada",lula
2022-07-31 00:00:54+00:00,1553531109140570112,@ptbrasil @LulaOficial https://t.co/umN8yNdsxi,lula
2022-07-31 00:00:54+00:00,1553531108578529283,"LULA 
NO CORA√á√ÉO 
DO POVO 
BRASILEIRO 
üòÇ‚ù§Ô∏èüå∫üáßüá∑ü§©üòÜ https://t.co/eJp9hwpsdg",lula
2022-07-31 00:00:53+00:00,1553531104774209536,"@Ftimama32628691 @Nilsonhandebol Copie e cole. Quem  for votar no Lula, me segue que eu sigo de volta! Esquerda segue esquerda 
@Nilsonhandebol",lula
2022-07-31 00:00:52+00:00,1553531101804724224,@LulaOficial @LulaOficial quando tu souber me explicar o conceito de fascismo vamos falar ok . At√© ent√£o voc√™ ainda e um analfabeto.,lula
2022-07-31 00:00:52+00:00,1553531101565669394,@LulaOficial @dilmabr pt NUNCA MAIS X√î X√î X√î X√î X√î X√î X√î X√î X√î X√î X√î X√î X√î X√î X√î X√î X√î,lula
2022-07-31 00:00:52+00:00,1553531101104295937,"Uns quatro ou cinco militontos me responderam hj q o Lula n√£o enche as ruas, pq seus apoiadores t√™m medo de atentados. E qdo perguntei q quem gosta de dar facada ou jogar algu√©m contra para-choque de caminh√£o, √© pessoa de esquerda, todos ficaram mudos.",lula
2022-07-31 00:00:52+00:00,1553531099573374977,"@LulaOficial @dilmabr Ficaram por quase 16 anos no poder, enriqueceram, roubaram, fizeram o diabo. Quem se lasca √© o povo, que sempre paga a conta. O homem mais honesto do mundo quer s√≥ mais uma oportunidade, pra terminar de foder essa porra toda.",lula
2022-07-31 00:00:50+00:00,1553531093940314112,@LulaOficial @ricardostuckert Pergunta que n√£o quer calar: https://t.co/jyyDId1mFk,lula
2022-07-31 00:00:50+00:00,1553531092971520003,@Anderso11565208 @Marcos3830 @JailmaFabiana @LulaOficial @ricardostuckert Os caras roubam at√© em foto üòÇ,lula
2022-07-31 00:00:48+00:00,1553531086147297280,"@LulaOficial @ricardostuckert Casa destru√≠da pelos Esquemas de Corrup√ß√£o como PETROL√ÉO, MENSAL√ÉO E LAVA-JATO!üòà
#LugarDeCorruptoEnaCadeia",lula
2022-07-31 00:00:48+00:00,1553531084645842947,"ü§£üòÇü§£üòÇü§£üòÇü§£Navio afundando, ratos correndo pra fora!!! @LulaOficial #LulaMelhorPresidente https://t.co/bzI8sDCPya",lula
2022-07-31 00:00:45+00:00,1553531071702224897,"@FlavioBolsonaro Bateu o desespero n√© meu filho???üòÖüòÖüòÖ.Lula t√° chegando!!!! 
#lulaeleitonoprimeiroturno #Lula13
#LulaPresidente13 https://t.co/TiGG8zUHX8",lula
2022-07-31 00:00:45+00:00,1553531070662017027,"@ElianaORSdS @MaAmarco @VEJA @Mleitaonetto Sim, tem.
Mas o Lula elogiou abertamente um radical (que tentou assassinar um homem o atirando contra um caminh√£o), disse que √© esse tipo de comportamento que ele espera de seus apoiadores.",lula
2022-07-31 00:00:45+00:00,1553531070250893313,"@LulaOficial Puta que pariu, esse filho da puta, LADR√ÉO t√° curtindo com a cara do trabalhador.",lula
2022-07-31 00:00:44+00:00,1553531069898625027,"Brand√£o , Camar√£o,Fl√°vio Dino e Lula üí™üèª  .
 O Maranh√£o n√£o pode parar ‚ù§Ô∏è
#lulaeleitonoprimeiroturno",lula
2022-07-31 00:00:44+00:00,1553531069202403328,"@RealPrixorM @decaa51 @DepEduardoCunha Ent√£o cara, O Eduardo Cunha tamb√©m j√° foi condenado e foi solto igual o Lula.
Dois ladr√µes,e a√≠?",lula
2022-07-31 00:00:44+00:00,1553531069000998915,@jairbolsonaro Lula vem a√≠!,lula
2022-07-31 00:00:44+00:00,1553531068162215937,"@reinaldoazevedo Reinaldo pronto pra andar de m√£os dadas com Lula. Mel dels, como pude um dia ter assistido voc√™ na Veja TV? 

Olavo tinha raz√£o üé≠‚úÇÔ∏è",lula
2022-07-31 00:00:44+00:00,1553531067826667520,@LuizianneLinsPT @LulaOficial @elmanofreitas @PTCearaOficial Ol√° @LuizianneLinsPT conseguiu entregar a sacola de pano para @JanjaLula ? Curiosa para saber,lula
2022-07-31 00:00:42+00:00,1553531058464952320,"@LulaOficial @elmanofreitaspt @CamiloSantanaCE @ricardostuckert Para de fazer eventos para sindicalistas... 

Encare o povo!!",lula
2022-07-31 00:00:39+00:00,1553531048792887296,@StelaDias3 @JosePer64341466 @LulaOficial @dilmabr T√° comendo merda mesmo. Deve ser batedor de carteira.,lula
2022-07-31 00:00:39+00:00,1553531048566444034,@DepEduardoCunha Cada dia fica mais f√°cil votar no @LulaOficial,lula
2022-07-31 00:00:38+00:00,1553531043478732805,@LulaOficial Quem paga seu jatinho?,lula
2022-07-31 00:00:38+00:00,1553531042220412941,"Lula em Fortaleza: esta elei√ß√£o √© a democracia contra o fascismo, o amor contra o √≥dio https://t.co/srs81EhwTR",lula
2022-07-31 00:00:36+00:00,1553531035845009411,"@LulaOficial @CamiloSantanaCE @elmanofreitaspt @ricardostuckert Quando a foto √© cheia de efeitos especiais para disfar√ßar o vazio.
√â o povo contigo, ex-presidi√°rio! https://t.co/sFgKtCrJ7A",lula
2022-07-31 00:00:36+00:00,1553531033273999362,@Anderso11565208 @TimeBonsonario @JailmaFabiana @LulaOficial @ricardostuckert Voc√™ √© retarda** n√£o √© poss√≠vel:,lula
2022-07-31 00:00:35+00:00,1553531031260733440,@LulaOficial Estou fora de ladroes,lula
2022-07-31 00:00:35+00:00,1553531031059324930,"@padilhando Teu Lula ex presidi√°rio e teu partido PT de corrupto v√£o perder, vamos enterrar de vez a possibilidade do ex condenado e do partido das trevas de voltar a governar esse pa√≠s, eu t√¥ na luta contra essa quadrilha propineira de querer voltar ao governo, temos que nos libertar.",lula
2022-07-31 00:00:35+00:00,1553531030568591367,"@cirogomes Teria tirado at√© o Lula n√©, s√≥ n√£o venceu at√© hoje porque n√£o se vendeu nem por uma BMW",lula
2022-07-31 00:00:35+00:00,1553531028861583362,@guimaraes13PT @LulaOficial Ambiente fechado ‚Ä¶ controlado ‚Ä¶ em casa ‚Ä¶ enclausurado ‚Ä¶ na cadeia !!!,lula
2022-07-31 00:00:34+00:00,1553531026391146500,@ToniSmachado @LulaOficial Tomara . Votar em um ladr√£o n√£o .,lula
2022-07-31 00:00:33+00:00,1553531023920693249,"@LulaOficial @ricardostuckert #VaiSerNoPrimeiroTurno, @LulaOficial.",lula
2022-07-31 00:00:33+00:00,1553531023325118465,"@marcofeliciano Texto muito bom
Conversa de Paulo Cursino, com Taxista, eleitor de Lula.
Vale dar uma espiada.
https://t.co/nAMdilfDnx https://t.co/GMpuQZGEdo",lula
2022-07-31 00:00:32+00:00,1553531016857403392,√â Lula Presidente üåü‚ù§Ô∏è,lula
2022-07-31 00:00:30+00:00,1553531009500585985,"@revistaoeste Coitado, manda o Lula ir √†s ruas para ele
ver quem √© que leva surra!",lula
2022-07-31 00:00:30+00:00,1553531009261797377,@LulaOficial @ricardostuckert Variola do Macaco come solto num evento desse,lula
2022-07-31 00:00:29+00:00,1553531004056440838,"@LulaOficial Vamos a URNA, contra a Corrup√ß√£o e as atrocidades que voc√™ e seu PARTIDO Marxista Fizeram contra est√° NA√á√ÉO. N√£o podemos e n√£o permitiremos a volta da esquerda, √© hora dos BRASILEIROS aprenderem a viver sem a depend√™ncia do Estado, com Liberdade e sem Medo, de um infort√∫nio.. https://t.co/GtJOor3fvd",lula
2022-07-31 00:00:28+00:00,1553530999216242691,@olivio_dutra @LulaOficial @EdegarPretto @PedroRuasPsol Bem-vindo! üí™,lula
2022-07-31 00:00:25+00:00,1553530986977181698,@leonardokdc @BetoPalopoli @LulaOficial @ricardostuckert Vc e meliciano parceiro do Luladr√£o,lula
2022-07-31 00:00:25+00:00,1553530986675273732,"@LulaOficial @ricardostuckert De novo? T√° querendo ""arrumar"" outro triprex, outro s√≠tio, quer voltar a cena do crime como disse o Alckmin kkkkk",lula
2022-07-31 00:00:24+00:00,1553530983428784129,@SamPancher @marcosmunizmelo O eleitor de Lula e de Bolsonaro n√£o est√£o nem a√≠ e n√£o se sentem desrespeitados.,lula
2022-07-31 00:00:24+00:00,1553530982128652290,"@ledacoelho4 @ricardostuckert @LulaOficial @elmanofreitaspt Ja virou padr√£o. 
Desta vez tem pessoas com estaturas desproporcionais ü§° 

Todo mundo acredita na veracidade do sucesso desta campanha. 

Exceto o pr√≥prio Mula",lula
2022-07-31 00:00:22+00:00,1553530976789200897,@LulaOficial Sim muita ousadia pra roubar‚Ä¶ s√≥ achou que ningu√©m ia ver? Explica a√≠ como se faz isso‚Ä¶.,lula
2022-07-31 00:00:22+00:00,1553530976034295808,@reinaldoazevedo LULA PRESIDENTE E HADDAD GOVERNADOR PELA GL√ìRIA E HONRA DO NOSSO SENHOR JESUS CRISTO üôèüôèüôèüôèüôèüôèüôèüôè‚ú®üí´‚≠êüåüüòç‚ù§Ô∏è,lula
2022-07-31 00:00:20+00:00,1553530967503036416,@gleisi @LulaOficial @CamiloSantanaCE @elmanofreitaspt Todos os g√™meos foram chamados !!!!,lula
2022-07-31 00:00:20+00:00,1553530967465369601,@B_Bop_A_Lula @BCLions no more like (Which I suppose is kind of a hold lol) https://t.co/80KkKMXU8w,lula
2022-07-31 00:00:49+00:00,1553531090538725376,@CiroGomezL @DavidPramo2 les duele verdad ql3r0s?,ciro
2022-07-31 00:00:41+00:00,1553531056686514176,"@LucasWestfal E eu que pensava que Luiz era Lu√≠s, iria copiar errado pelo amor √† l√≠ngua p√°tria. Por isso voto em Ciro, n√£o tem erro.",ciro
2022-07-31 00:00:39+00:00,1553531048637743106,"@diegobittenca @pombo_miope Entra no Instagram dele e v√™ o impulsionamento dele em alguns v√≠deos. Para um ser que era desconhecido, j√° est√° alto. 

2.3mi de seguidores √© algo consider√°vel tamb√©m. √â o dobro de seguidores de Ciro Gomes, por exemplo.",ciro
2022-07-31 00:00:35+00:00,1553531030627295233,Ciro se fue a dormir una siestita a las 20hs ajjaja,ciro
2022-07-31 00:00:11+00:00,1553530929263558669,D√° -lhe Ciro. https://t.co/N2Qv6s4akb,ciro
2022-07-31 00:00:03+00:00,1553530895478423552,"Focus.jor: Ciro Nogueira e Arthur Lira omitem Bolsonaro em campanhas de aliados locais.
üòÇA debandada
https://t.co/JkAkNFOK9p

via @GoogleNews",ciro
2022-07-30 23:59:52+00:00,1553530850343534592,@Srgio45860350 @filipebarrost Desmascarou tanto que hj esta com Ciro Nogueira e os mensaleiros Valdemar Costa Neto e Roberto Jefferson.,ciro
2022-07-30 23:59:51+00:00,1553530847747268611,"@believeinrio_ @higorsccp13 @mikeinha @choquei @CentralEleicoes Amei, Ciro √© muito craquelado",ciro
2022-07-30 23:59:44+00:00,1553530817904787458,@heliojaques @desmentindobozo @ciro_nogueira Pq t√° ganhando dinheiro com isso,ciro
2022-07-30 23:59:33+00:00,1553530772128206850,@Racinguista1903 ni Ciro cavs vio ese partido,ciro
2022-07-30 23:59:31+00:00,1553530761873166337,"@squarryspirit @rafaelbboa @kimpaim Cara, vc fez este coment√°rio como bait ou tem algum transtorno cognitivo?

O sujeito em quest√£o declara apoio ao CIRO GOMES? CIRO? Vc fumou o q? rs

√â cada um viu...o twitter √© √∫nico kk. Cada ser vivo q habita aqui...",ciro
2022-07-30 23:59:25+00:00,1553530737508376578,@CentralEleicoes √â com esse tipo de n√∫mero a√≠ que os ciristas de vez em quando vem com uma de que o Ciro Gomes tem potencial de voto de 35% ou coisa do tipo,ciro
2022-07-30 23:59:25+00:00,1553530737445507072,@cirogomes √â mesmo? Hoje o Ciro Nogueira foi no teu comit√™ fazer visita ou sei l√° o que. Voc√™ perdeu o rumo camarada!,ciro
2022-07-30 23:59:22+00:00,1553530723486912513,"sou apartid√°rio, meu candidato √© Ciro. Mas Respeito muito Bolsonaro e Tebet. S√≥ que dessa vez quem acertou foi Lula. parab√©ns, Lula.
 humildade sempre. https://t.co/BO9yDHe2CZ",ciro
2022-07-30 23:59:16+00:00,1553530700371992577,@desmentindobozo @ciro_nogueira @BaixadorDeVideo,ciro
2022-07-30 23:59:13+00:00,1553530685096284160,"Para os(as) amigos(as) PETISTAS eu digo:

DEIXA DE SER BOLSONARISTA e vota no Ciro. Se em 2018 j√° era assim, agora ta pior. Se ligue.

Votar no PT no primeiro turno √© reeleger o Bolsonaro. Depois n√£o vem querer mudar meu voto nulo se voc√™ n√£o d√° chance para a Paz.
#CiroOuNulo",ciro
2022-07-30 23:58:55+00:00,1553530612795035648,"@edson_seninha @APrimeiraVia O Ciro n√£o √© corrupto, o Loola sim. E n√£o foi inocentado, todos sabemos disso.",ciro
2022-07-30 23:58:52+00:00,1553530597489999872,"Ciro Nogueira √© vaiado em conven√ß√£o do PDT no Piau√≠: ‚ÄúFora bolsonarista, fora Bolsonaro!"" (v√≠deo) https://t.co/nb6QLN3QuH",ciro
2022-07-30 23:58:50+00:00,1553530588447096833,"@tricolor277 @GiuGomes @maressah @Brunobam @CentralEleicoes Sim, todos os pa√≠ses tem projetos. S√≥ no Brasil que existe briga de poder e o Brasil n√£o est√° preparado pra palavra do Ciro. Kkk quanta s√≠ndrome de vira-lata e ressentimento numa campanha s√≥!",ciro
2022-07-30 23:58:42+00:00,1553530556431974402,"@gionog12 @cirogomes Lula tem um projeto bom, √© s√≥ ver a sabatina dele no UOL. Al√©m disso sabe que pol√≠tica e constru√≠da com outras pessoas, n√£o e o que Ciro est√° fazendo esse ano.",ciro
2022-07-30 23:58:40+00:00,1553530549616234501,"@Lianajrs @kmendoncafilho o medo de mais um governo bozo, ruim, ajuda qualquer candidato de oposicao a ele, a escolha por lula e nao por outros, como tebet e ciro independe disso. Qualquer um enfrentara oposicao no congresso, em qualquer epoca ...",ciro
2022-07-30 23:58:30+00:00,1553530504338612226,"GP1: Ciro Nogueira esconde Bolsonaro em campanhas de aliados, diz Estad√£o.üòÇBarca furada 
https://t.co/9MqrHOe07E

via @GoogleNews",ciro
2022-07-30 23:58:26+00:00,1553530490493321216,@diogomainardi Quem √© Ciro Gomes?,ciro
2022-07-30 23:58:23+00:00,1553530476140412929,@GBonomi_SP Voto no Ciro pra tirar os dois desastres. #NemLulaNemBolsonaro,ciro
2022-07-30 23:58:14+00:00,1553530438458769408,@wani97xx @marivalentimdf Acontece. Em 2018 quando trocaram o nome do Lula pelo Haddad mts votos do Lula foram para o Bozo e uns para o Ciro. Brasileiro nao tem esse negocio de ideologia igual a gente aqui da bolha kkkkkkkk,ciro
2022-07-30 23:58:14+00:00,1553530438349733889,"""Saaaaiiiii, Sai da frente. T√¥ com Boeira e com Ciro Presidente!""
Hoje tivemos a Conven√ß√£o do PDT de SC, que ratificou as candidaturas de Jorge Boeira e Dalmo ao Governo do Estado, Hilda ao Senado, com Ciro Gomes √† Presid√™ncia da Rep√∫blica! Aqui √© 12 do in√≠cio ao fim!!! ‚úäüåπ https://t.co/BOmpfNVpWU",ciro
2022-07-30 23:58:12+00:00,1553530432431554560,@desmentindobozo @ciro_nogueira Voc√™ viu o cabe√ß√£o por a√≠?,ciro
2022-07-30 23:58:08+00:00,1553530415020797953,@andre_serret S√≥ agora abri o Twitter. Ciro chegou em BH as 18h.,ciro
2022-07-30 23:58:08+00:00,1553530412147802113,@PastorSamoel N√£o √© n√£o...Ciro!,ciro
2022-07-30 23:58:07+00:00,1553530407567638529,Ciro Nogueira bem recebido no seu pr√≥prio Piau√≠...veja... https://t.co/hn5KiOwLlM,ciro
2022-07-30 23:58:04+00:00,1553530398025596929,"@cristianostark Verdade! 
Durante mais de 100 anos foi administrado pela direita , o mesmo grupo do Ciro Nogueira. Concertar o estrago feito por eles leva tempo.",ciro
2022-07-30 23:58:03+00:00,1553530393135284225,Quem trabalha ganha mais quem especula ganha menos! √â uma das coisas q Ciro quer dizer quando fala em mudar o modelo econ√¥mico! Chega de rico ficar vivendo de juros enquanto o povo vive na mis√©ria https://t.co/Ap2vYgJGkP,ciro
2022-07-30 23:57:56+00:00,1553530361635901441,"Metro1: L√≠deres do Centr√£o, Ciro Nogueira e Arthur Lira escondem Bolsonaro em campanhas politicas -üòÇA debandada dos ratos.
https://t.co/TzGvbNR2Y4

via @GoogleNews",ciro
2022-07-30 23:57:53+00:00,1553530350697062401,@LuizLeitao59 Vou de Ciro.,ciro
2022-07-30 23:57:51+00:00,1553530344091140096,@concurseiraant @xicolucas @ciro_nogueira @jairbolsonaro @silviomendespi E quem estavam l√° juntos nesses 20 anos atrasando o Piau√≠? Era a Xuxa e a Ang√©lica? Inocente. T√° perdendo tempo.  ü§≠ü§≠ü§≠,ciro
2022-07-30 23:57:44+00:00,1553530313086849052,@desmentindobozo @GynMiguel @ciro_nogueira Esse √© o senador Ciro que estar√° conosco no pr√≥ximo mandato do presidente Lula.,ciro
2022-07-30 23:57:21+00:00,1553530215929974784,"@DraDorea @ronvilella @rosangelamorosp A√≠ que voc√™ se engana kkk, quem √© PT sempre ser√° e nunca ir√° mudar mas quem est√° indeciso por exemplo vota no Ciro provavelmente vai votar nessas pessoas a√≠ como o moro",ciro
2022-07-30 23:57:00+00:00,1553530129770479616,"Quem tiver sofrendo:
cura hetero, persegui√ß√µes de fantasmas comunistas, nome no spc (j√° que ciro falhou), liberta√ß√£o de consci√™ncia de classe, shibari sentimental etc.
- ligue j√°. rs https://t.co/lvgTKkJ8dD",ciro
2022-07-30 23:56:57+00:00,1553530117640560640,"@cuevasjimmy123 @_VicenteSerrano @CiroGomezL Pues veremos...

Tal vez si gana cierto compa√±ero diputado...",ciro
2022-07-30 23:56:54+00:00,1553530104726315008,"""Ciro Gomes afirmou em evento na Universidade de Bras√≠lia que Lula ‚Äú√© um grande corrupto e um grande corruptor da vida brasileira‚Äù. Em discurso para membros da comunidade cient√≠fica, o pr√©-candidato do PDT √† Presid√™ncia citou o ‚Äúgabinete do √≥dio‚Äù petista.‚Äú https://t.co/Fmb7A0lmKM",ciro
2022-07-30 23:56:51+00:00,1553530092827148289,la historia q subi√≥ ciro https://t.co/tRzhKZWlJf,ciro
2022-07-30 23:56:39+00:00,1553530041610420224,"@dep_padrejoao Voto no Ciro mas sem Ciro meu voto iria para outro q n√£o fosse Lula ou bolsonaro!
#PrefiroCiro",ciro
2022-07-30 23:56:37+00:00,1553530030008983555,"@gersonnogueira O Ciro vai conseguir sair menor que entrou. Eu ia votar nele no primeiro turno. Depois de ver essa estrat√©gia rid√≠cula dele, perdeu meu voto.",ciro
2022-07-30 23:56:34+00:00,1553530018810269696,@ciro_nogueira seu mentiroso https://t.co/T0fwPsl8k0,ciro
2022-07-30 23:56:10+00:00,1553529918776086528,@revistaoeste O Ciro e muito bi polar,ciro
2022-07-30 23:56:04+00:00,1553529892079271936,"@reinaldoazevedo Que time, embora Z√© Dirceu tamb√©m est√° comendo pelas beiradas e com certeza far√° parte do governo. Melhor ir de Ciro mesmo!",ciro
2022-07-30 23:55:54+00:00,1553529852850049024,A propaganda do Ciro no YouTube üòÇ,ciro
2022-07-30 23:55:46+00:00,1553529820218359809,"Ciro Nogueira √© vaiado em conven√ß√£o do PDT no Piau√≠: ‚ÄúFora bolsonarista, fora Bolsonaro!"" (v√≠deo) https://t.co/ovpmPxHc4W",ciro
2022-07-30 23:55:45+00:00,1553529814581116929,Ciro: ‚ÄúGabinete de √≥dio do PT √© um dos mais execr√°veis do Brasil‚Äù ‚Äì News¬†Brazil https://t.co/KR32YdWEXE,ciro
2022-07-30 23:55:45+00:00,1553529813113217025,"@antonp1287 El Ciro Iorio no existe, el Ciro Iorio (?",ciro
2022-07-30 23:55:21+00:00,1553529715255803906,"Vira vice do Ciro, monta uma casa e vai morar com ele. https://t.co/rJRCJAMIkB",ciro
